,0,1,2,3,4,5,6,7,8,9,10,11,12,13,14,15,16,17,18,19,20,21,22,23,24,25,26,27,28,29,30,31,32,33,34,35,36,37,38,39,40,41,42,43,44,45,46,47,48,49,50,51,52,53,54,55,56,57,58,59,60,61,62,63,64,65,66,67,68,69,70,71
0,4.44706529378891e-08,5.342008080333471e-08,5.0888068869880954e-08,4.169127265640782e-08,3.81995128861945e-08,3.732223774477461e-08,3.722293939745214e-08,3.729534014951241e-08,3.757844524443499e-08,3.812043303241808e-08,3.852688479355493e-08,3.867256026524046e-08,3.903000944660562e-08,4.120144936337056e-08,4.59861055901456e-08,4.997524527539099e-08,5.245520995345032e-08,5.540380598745287e-08,5.7907840300686075e-08,6.615891834371723e-08,8.121268990635144e-08,8.955822750067455e-08,9.029194103504778e-08,9.321340854739901e-08,9.663081357302872e-08,9.240874732086013e-08,8.707181109457451e-08,9.335857953374216e-08,9.780279697224614e-08,1.308292922885812e-07,1.9076443891208328e-07,2.132088496864526e-07,2.0744174378251046e-07,3.6244722423361964e-07,6.929166147529031e-07,7.981253702382674e-07,1.0191353112531942e-06,1.5641260233678622e-06,2.3018660613161046e-06,3.0165915632096585e-06,3.68479277312872e-06,4.941061433783034e-06,5.808945388707798e-06,6.4281052800652105e-06,7.162584097386571e-06,7.701128197368234e-06,8.098355465335771e-06,8.466524377581663e-06,8.434569281234872e-06,8.274137144326232e-06,8.043727575568482e-06,7.465012458851561e-06,6.8354661379999015e-06,6.0711913647537585e-06,5.232515832176432e-06,4.192233973299153e-06,3.4247584608237958e-06,2.750668954831781e-06,2.2444387468567584e-06,1.886009044937964e-06,1.6752553619880928e-06,1.4659740372735541e-06,1.2330424397077877e-06,7.50934987081564e-07,5.684757411472674e-07,4.2791438659151027e-07,3.2041913300417946e-07,2.3809482740944077e-07,1.7410866348654963e-07,1.2307340568895597e-07,8.078693269908399e-08,4.598346237116857e-08
1,5.6737917475402355e-08,6.353366188704967e-08,7.191557216401634e-08,8.4810608314001e-08,9.260686084644476e-08,9.720226756826378e-08,9.726200289605913e-08,9.571757431103833e-08,9.563739666873516e-08,9.722913318910287e-08,9.877201989638706e-08,9.52243439655831e-08,8.842236098871581e-08,8.390275496594768e-08,8.137754292647514e-08,8.097736525769506e-08,8.108855809041415e-08,8.1819621300383e-08,8.41020764141831e-08,8.883585422836404e-08,9.105277598564498e-08,8.969388431978587e-08,7.908179355808898e-08,7.654625733266585e-08,7.330090312507309e-08,6.640159710968874e-08,6.769477778334476e-08,6.736165403253835e-08,6.39356443343786e-08,6.22864746446794e-08,6.442495248393243e-08,8.308887800012599e-08,1.2351038947144843e-07,2.2161884771776386e-07,3.3892752071551513e-07,4.3686938511200424e-07,9.28348526940681e-07,1.350906472907809e-06,1.9144758880429436e-06,3.1210065571940504e-06,3.9959400055522565e-06,4.760689535032725e-06,5.866742867510766e-06,6.558349014085252e-06,6.8853687480441295e-06,7.5179286795901135e-06,8.234632332460023e-06,8.470530701742973e-06,8.477565643261187e-06,8.328962394443806e-06,8.080352927208878e-06,7.551571798103396e-06,6.832636245235335e-06,5.88329930906184e-06,4.964855179423466e-06,4.100722435396165e-06,3.378288965905085e-06,2.770081664493773e-06,2.3726006475044414e-06,2.055962340818951e-06,1.8048839365292224e-06,1.5656308960387832e-06,1.3886331089452142e-06,8.093921906038304e-07,6.127128244770574e-07,4.6132709030644037e-07,3.45419408631642e-07,2.5668390435384936e-07,1.8765878451176832e-07,1.3265358234093583e-07,8.708925491873742e-08,4.9577305816228545e-08
2,4.288449417799711e-08,4.406319931149483e-08,4.121261554246303e-08,3.8280205671981093e-08,3.7112116046955634e-08,3.6359189437007444e-08,3.5927968156102e-08,3.520863955941422e-08,3.487694755222037e-08,3.470523424198291e-08,3.529687475634091e-08,3.894737332643672e-08,4.731312941430588e-08,5.313648543392446e-08,5.397095748094216e-08,5.6317666974337044e-08,6.155144660624501e-08,6.511315575608023e-08,6.947448127903044e-08,7.517880362684082e-08,8.397771011914301e-08,9.379229481965012e-08,9.620370633456332e-08,9.560036318134735e-08,9.261029276785848e-08,8.834991405137771e-08,8.702434683982574e-08,9.857304661409216e-08,1.036069363635761e-07,1.0145133444439125e-07,1.1020646439874326e-07,1.409414949193888e-07,1.5734499925201817e-07,2.444695610392955e-07,2.912549348366156e-07,6.02624368184479e-07,9.103968068302493e-07,1.2867625400758698e-06,2.334916189283831e-06,3.089996198468725e-06,4.108374923816882e-06,4.675541276810691e-06,5.486828740686178e-06,6.380936611094512e-06,7.428572189382976e-06,7.6588912634179e-06,7.973371793923434e-06,8.232862455770373e-06,8.380136932828464e-06,8.296465239254758e-06,8.02053455117857e-06,7.442446076311171e-06,6.8058948272664566e-06,5.926649009779794e-06,5.068360223958734e-06,4.1673156374599785e-06,3.4229090033477405e-06,2.7333308025845326e-06,2.2422354959417135e-06,1.960230292752385e-06,1.7483944247942418e-06,1.50828975620243e-06,1.3469873465510318e-06,7.84017174737528e-07,5.935229410169995e-07,4.468314216410363e-07,3.345816139699309e-07,2.4860796088432835e-07,1.817688684013774e-07,1.2850784969486995e-07,8.433733711399327e-08,4.800754993539158e-08
3,5.6606950238347054e-08,6.149639375507832e-08,6.056507118046284e-08,6.01867213845253e-08,5.877975794987833e-08,5.846996131708693e-08,5.8542447334275494e-08,5.713120643235925e-08,5.52837100542547e-08,5.4470341126489075e-08,5.393094326677783e-08,5.4945243022075374e-08,5.8222447307798575e-08,6.123418927472812e-08,6.31596748235097e-08,6.487215387096512e-08,7.016289771399897e-08,7.706636040438752e-08,7.946482583065517e-08,7.749576269588943e-08,7.543705038415283e-08,7.389503764443361e-08,7.475497909581463e-08,7.567560800225692e-08,7.662093537419423e-08,8.203664947359357e-08,8.496123626855479e-08,8.187942057702458e-08,8.875218071580093e-08,9.594574379434562e-08,1.0121510740646045e-07,1.0333894095992946e-07,1.1776269559504726e-07,1.8641867427504621e-07,3.246998403483303e-07,5.548904482566286e-07,1.0762298643385293e-06,1.3814188832839136e-06,1.9773706299019977e-06,2.5886968160193646e-06,3.727962848643074e-06,4.859659838984953e-06,5.845046871399973e-06,6.668285095656756e-06,7.134693532862002e-06,7.456454568455229e-06,7.99494137027068e-06,8.234169399656821e-06,8.268614692497067e-06,8.284825526061468e-06,8.161282494256739e-06,7.702708899159916e-06,7.126614036678802e-06,6.281700734689366e-06,5.2734603741555475e-06,4.205810000712518e-06,3.499484819258214e-06,2.8976148769288557e-06,2.4574296730861533e-06,2.112146148647298e-06,1.8294106212124461e-06,1.5408484159706859e-06,1.2720441873170785e-06,8.201508308047778e-07,6.207415026437957e-07,4.673623834605678e-07,3.4995053965758416e-07,2.600465052182699e-07,1.9015695329471782e-07,1.344032227734715e-07,8.820892105632083e-08,5.022189597525539e-08
4,6.824848242104053e-08,7.575727067887783e-08,8.664210326969624e-08,9.065848871614435e-08,8.96108076631208e-08,9.089163199860195e-08,9.304546466637476e-08,8.623511860150757e-08,7.363443188523888e-08,6.44945217231907e-08,6.047802969533222e-08,5.9240992555942285e-08,5.820774262588202e-08,5.8818901749191355e-08,5.966310112626161e-08,5.999657304300854e-08,5.9567501153878766e-08,6.030738575191208e-08,6.407501729199794e-08,6.87239420926744e-08,7.572856475235312e-08,7.343069086118703e-08,6.940440044900242e-08,7.032286220010064e-08,7.318580230730731e-08,7.44197308222283e-08,7.583970784708072e-08,8.083107161382941e-08,8.887420221981301e-08,9.726560534772943e-08,1.2007537009139924e-07,1.744042066320617e-07,2.0488748475600005e-07,2.892406598675734e-07,4.646967965982185e-07,5.199533461563988e-07,9.695837661638507e-07,1.6970319620668306e-06,2.4895900878618704e-06,2.8771019060513936e-06,3.8542916627193335e-06,4.951295068167383e-06,6.038763331162045e-06,6.809490514569916e-06,7.332109362323536e-06,7.532238669227809e-06,8.102857464109547e-06,8.483531019010115e-06,8.442373655270785e-06,8.357227670785505e-06,8.167388841684442e-06,7.598107913509011e-06,7.016107701929286e-06,6.301660050667124e-06,5.34773243998643e-06,4.316039849072695e-06,3.5374941944610327e-06,2.8147719604021404e-06,2.3341362975770608e-06,2.0918264453939628e-06,1.9287501800135942e-06,1.7051327176886844e-06,1.3813780697091715e-06,8.645888556202408e-07,6.545468522745068e-07,4.927750296701561e-07,3.6894428490086284e-07,2.741833213804057e-07,2.004625656581993e-07,1.4169417283937946e-07,9.301034964437349e-08,5.29477617305929e-08
5,1.851731212809682e-08,2.3195752874016762e-08,3.488095501325006e-08,4.701731981526791e-08,6.974357802391751e-08,9.227987618487532e-08,1.0596189525813315e-07,1.0793196736358368e-07,1.0843375264357746e-07,1.0568908948016542e-07,9.93229818391228e-08,9.802126044178294e-08,9.194048544713951e-08,7.70619905665626e-08,6.819757913945068e-08,6.913020911269996e-08,7.289758485740094e-08,7.493196108043776e-08,7.614385566512283e-08,7.599810203373636e-08,7.578797323049002e-08,7.824920089660736e-08,8.046539790029783e-08,8.163656417536913e-08,8.188722233626322e-08,8.009776308881555e-08,7.760115749988472e-08,7.717094518966405e-08,7.912716171176726e-08,8.973178466931131e-08,9.340629958387581e-08,1.0215708812211233e-07,1.294687734798572e-07,2.0417610357981175e-07,2.765362125956017e-07,5.253628501122876e-07,8.650630434203777e-07,1.436696379641944e-06,2.2198717033461435e-06,2.9325028663151897e-06,3.971995738538681e-06,4.752187123813201e-06,5.694965693692211e-06,6.42800750938477e-06,7.060355528665241e-06,7.724608622083906e-06,8.114933734759688e-06,8.15082330518635e-06,8.188957508536987e-06,8.128486115310807e-06,7.979291694937274e-06,7.472821835108334e-06,6.899259460624307e-06,6.326526090560947e-06,5.547993168875109e-06,4.486744273890508e-06,3.6534308947011596e-06,3.013720061062486e-06,2.5395584088983014e-06,2.1602500055450946e-06,1.880486138361448e-06,1.62529511271714e-06,1.3604897048935527e-06,8.425427608926839e-07,6.377773615895421e-07,4.801817112820572e-07,3.595351927287993e-07,2.671634433681902e-07,1.9534584794200782e-07,1.380842888920597e-07,9.063494132988126e-08,5.159519034236837e-08
6,7.31379259377718e-08,7.395283319056034e-08,7.261405698955059e-08,6.536728136552483e-08,5.910633049666103e-08,5.727034491087579e-08,5.6648829627192754e-08,5.751653020524827e-08,6.145831576986893e-08,6.747137604179443e-08,7.116655353911483e-08,7.264782198035391e-08,7.282839220579262e-08,7.298133652966499e-08,7.301627391598231e-08,7.301948556914795e-08,7.305222027298441e-08,7.285427727765637e-08,7.117395739442145e-08,7.038094196332167e-08,7.944073132648555e-08,7.357066067470441e-08,6.589675649593119e-08,6.556273035585036e-08,6.521759132738225e-08,6.498010662880915e-08,6.526992279987098e-08,6.65738966176832e-08,6.7788249680234e-08,7.65853300777053e-08,9.188055116737814e-08,1.0543575967858487e-07,1.1751489381595093e-07,1.618782619061676e-07,2.605185898119089e-07,5.564194225371466e-07,1.0148844467039453e-06,1.4172143210089416e-06,2.240531557617942e-06,3.045203811780084e-06,3.7366019114415394e-06,4.988130513083888e-06,6.330040832835948e-06,6.824456249887589e-06,7.329960681090597e-06,7.573803486593533e-06,7.861829544708598e-06,8.133116352837533e-06,8.261096809292212e-06,8.253953637904488e-06,8.162264748534653e-06,7.834481948520988e-06,7.290653684322024e-06,6.511445008072769e-06,5.549841716856463e-06,4.45566820417298e-06,3.6538808672048617e-06,3.033299435628578e-06,2.5831195671344176e-06,2.1931150513410103e-06,1.9292206161480863e-06,1.6755284377723e-06,1.3257946420708322e-06,8.652172027723282e-07,6.549836371050333e-07,4.930857357976492e-07,3.6921238688591984e-07,2.743327058851719e-07,2.0061396810433507e-07,1.4179616414367047e-07,9.30772472429453e-08,5.298257121921779e-08
7,3.231980372220278e-08,4.608591552823782e-08,4.5649358071386814e-08,4.339381121098995e-08,4.4354237616062164e-08,4.7817593440413475e-08,5.3027186197596166e-08,5.436602990016581e-08,5.46453620131615e-08,5.434910477220001e-08,5.240291756081206e-08,5.1502262010671984e-08,4.9818581260296924e-08,4.805814768360506e-08,4.8246619144265424e-08,4.9363997334239684e-08,5.046731743618693e-08,5.3096734120572364e-08,5.804418634625108e-08,6.284020059865725e-08,6.523788442791556e-08,6.785553097188313e-08,6.711844946494239e-08,6.510305183837772e-08,6.341626601624739e-08,6.715458766848315e-08,7.596501205853201e-08,7.877768837261101e-08,8.409110563434297e-08,8.936873996390204e-08,1.060885992387739e-07,1.4103522971709026e-07,2.0318383064932277e-07,4.1087136537498736e-07,6.050153160686023e-07,6.517453243759519e-07,9.31979855067766e-07,1.3978934703118284e-06,2.296874299645424e-06,3.3313299354631454e-06,4.152906967647141e-06,4.946587978338357e-06,6.020079126756173e-06,7.02769830240868e-06,7.801663741702214e-06,8.137174518196844e-06,8.29357850307133e-06,8.030731805774849e-06,8.009541488718241e-06,8.031007382669486e-06,7.995447958819568e-06,7.71966551837977e-06,7.281781108758878e-06,6.593862053705379e-06,5.654645519825863e-06,4.630045168596553e-06,3.8692960515618324e-06,3.2578718673903495e-06,2.6646885089576244e-06,2.1334358280000743e-06,1.7973638932744507e-06,1.5167747733357828e-06,1.2565899396577151e-06,8.057994591581519e-07,6.100316340962308e-07,4.5925210656605486e-07,3.438711075887113e-07,2.555381684032909e-07,1.8684141878111404e-07,1.3207036886342394e-07,8.66903562268817e-08,4.934724628924414e-08
8,5.023321136832237e-08,5.638867150992155e-08,6.423340437322622e-08,6.859886525489856e-08,7.113087718835231e-08,7.410540803221011e-08,7.76850868078327e-08,8.0227600562921e-08,8.169845244765384e-08,7.935108925494205e-08,7.8050874208202e-08,8.209644164480778e-08,8.500983739168078e-08,8.012240471089171e-08,7.018943648517961e-08,6.804651775382808e-08,6.729310086939222e-08,6.609192837458977e-08,6.522755313653761e-08,6.608784985928651e-08,6.764156523786369e-08,6.908531702265464e-08,7.035302473923366e-08,7.403151158769106e-08,7.610156416149039e-08,7.983438621295136e-08,7.821719805178873e-08,7.459892259475964e-08,7.42049550694901e-08,7.256578271608305e-08,7.881779851004467e-08,9.333410133649522e-08,1.1133151645026373e-07,1.4832481554094556e-07,2.426108949293848e-07,3.450609256105963e-07,8.376669029530603e-07,1.18210493837978e-06,1.956420192072983e-06,2.534413852117723e-06,3.7516629163292237e-06,4.560346496873535e-06,5.914390385441948e-06,6.5443691710243e-06,7.025540526228724e-06,7.4826793934335e-06,7.750972145004198e-06,7.753728823445272e-06,7.885526429163292e-06,7.979451766004786e-06,7.976158485689666e-06,7.722577720414847e-06,7.262764484039508e-06,6.519504040625179e-06,5.637029971694574e-06,4.5993770072527695e-06,3.811682972809649e-06,3.145469236187637e-06,2.6724289909907384e-06,2.2546400941791944e-06,1.989776819755207e-06,1.6803867310954956e-06,1.3616418073070236e-06,8.926995747060573e-07,6.757884420949267e-07,5.087716772322892e-07,3.8094620435913384e-07,2.830905714290566e-07,2.0697987679341168e-07,1.4630377620505897e-07,9.60306962838331e-08,5.4667097515448404e-08
9,1.6341800801455975e-08,3.541936166584492e-08,3.702007234096527e-08,3.717578422879342e-08,3.747826937683385e-08,3.768997913766725e-08,3.812444759887512e-08,3.881475763023445e-08,3.8954372172383955e-08,3.878905729948201e-08,3.882934151988593e-08,3.971949169567779e-08,4.2035537717310945e-08,4.469387704375549e-08,4.59379911887936e-08,4.560265765007898e-08,4.54410695738261e-08,4.5676866733401766e-08,4.642978268520892e-08,4.7624723720218753e-08,4.9703480442531145e-08,5.37207469619716e-08,5.8908735667273504e-08,5.978061068390161e-08,6.071480385116956e-08,6.667305996188588e-08,7.465114748583801e-08,8.25204793386547e-08,9.789027899387293e-08,1.0200358246947872e-07,1.446431241447499e-07,2.545074266890879e-07,3.2157782925423817e-07,4.195914300453296e-07,6.888068924126856e-07,9.680887842478114e-07,1.3805263279209612e-06,1.6800714774944936e-06,2.506518967493321e-06,3.1458855573873734e-06,4.073145646543708e-06,5.038818017055746e-06,6.092222065490205e-06,6.627244601986604e-06,7.0682672230759636e-06,7.55470819058246e-06,7.5905650191998575e-06,7.705497409915552e-06,7.95783671492245e-06,8.076764970610384e-06,8.16043666418409e-06,7.948572601890191e-06,7.543618266936392e-06,6.881250101287151e-06,5.898334620724199e-06,4.735204129246995e-06,3.846575964416843e-06,3.075796030316269e-06,2.5031447421497433e-06,2.0447700990189333e-06,1.7481202121416572e-06,1.5205265526674339e-06,1.3566412917498383e-06,7.836126769689145e-07,5.932097337790765e-07,4.4661001652457344e-07,3.3439619073760696e-07,2.4849222768352774e-07,1.8169225768360775e-07,1.2842522778555576e-07,8.429968545442534e-08,4.798855712806471e-08
10,2.6877387426793575e-08,3.495370037853718e-08,4.3190350851318726e-08,4.42993979277162e-08,4.473351822298355e-08,4.702566513969941e-08,4.929526653540961e-08,5.213545151150356e-08,5.633988919839794e-08,5.994192520120123e-08,6.171502064944434e-08,6.265928220727801e-08,6.404766850209853e-08,6.263407215101324e-08,5.979678263656751e-08,5.900305666273198e-08,5.78841401477348e-08,5.7102607087244905e-08,5.609673436879348e-08,5.4625633794103123e-08,5.4488168643729296e-08,5.458189988871709e-08,5.558218774126544e-08,5.871178032634816e-08,5.896209742672909e-08,5.873921793408954e-08,5.865921437475663e-08,6.134747110309036e-08,7.167693638621131e-08,9.314747728694783e-08,1.3733694004258723e-07,1.5562781641165202e-07,1.655140806633426e-07,2.278970043789741e-07,3.798992622705555e-07,5.962814384474768e-07,8.593669917900115e-07,1.3424216831481317e-06,2.3418613182002446e-06,2.533968654461205e-06,3.0596811484429054e-06,4.80752805742668e-06,5.591148237726884e-06,6.432528607547283e-06,7.407370503642596e-06,7.581482350360602e-06,7.568573437310988e-06,7.567868124169763e-06,7.5297080002201255e-06,7.507745522161713e-06,7.485170499421656e-06,7.458326763298828e-06,7.321279099414824e-06,6.855467745481292e-06,6.028884854458738e-06,4.980648100172402e-06,4.085849923285423e-06,3.2109569474414457e-06,2.4979754016385414e-06,2.0474449229368474e-06,1.7722381926432718e-06,1.5414807421620935e-06,1.3398371265793685e-06,7.943856417114148e-07,6.013447091390844e-07,4.5278960669747903e-07,3.389916400919901e-07,2.5191866370732896e-07,1.841750503217554e-07,1.301767014183497e-07,8.546214047555623e-08,4.8646640493643645e-08
11,3.637978807091713e-08,3.780587576329708e-08,3.891182132065296e-08,4.042522760983047e-08,4.102214035128782e-08,4.090916760901564e-08,4.1253791494000325e-08,4.2653223175648236e-08,4.491220195745882e-08,4.711423784442559e-08,4.81715787259418e-08,4.884457283083066e-08,5.029153271607356e-08,5.203764885663986e-08,5.4569710528085125e-08,5.583788365015607e-08,5.500996280716208e-08,5.359012078542946e-08,5.2974176156794783e-08,5.246377554612991e-08,5.347532194832638e-08,5.446424466981625e-08,5.41127107567263e-08,5.3953176148979765e-08,5.336712405323851e-08,5.269139435881698e-08,5.266050351337981e-08,5.562452898288939e-08,7.6675036098095e-08,9.938186451563524e-08,1.1776224084769638e-07,1.7866665302790352e-07,2.0681765988683765e-07,2.751254442046047e-07,5.384800374486076e-07,7.976200322445948e-07,8.365761914319592e-07,1.215101292473264e-06,2.0647405563067878e-06,2.7197791041544406e-06,4.047950824315194e-06,4.879959305981174e-06,5.920521289226599e-06,6.637887508986751e-06,6.922937245690264e-06,7.07966410118388e-06,7.081752755766502e-06,7.037155228317715e-06,7.28602981325821e-06,7.438569809892215e-06,7.500180345232366e-06,7.596918749186443e-06,7.4302479333709925e-06,6.938896149222273e-06,6.2309754866873845e-06,5.085306838736869e-06,4.1413650251342915e-06,3.3052494927687803e-06,2.6675443223211914e-06,2.153253944925382e-06,1.8099208318744786e-06,1.5327125311159762e-06,1.2441317949196673e-06,8.111481974992785e-07,6.1405944506987e-07,4.6230309180828044e-07,3.4615777622093447e-07,2.572261053046532e-07,1.8807807578014035e-07,1.3294112477524322e-07,8.726301814476756e-08,4.967584033011008e-08
12,1.0854819265659899e-09,6.282334652496502e-10,1.0500116331968457e-09,5.409674486145377e-09,1.506123403771653e-08,1.7877036739832874e-08,1.6385628853754497e-08,2.1493528734595202e-08,2.3952647865144172e-08,2.914021557387514e-08,3.076285182146421e-08,3.128744907598957e-08,3.144019089518224e-08,3.3173172653278016e-08,3.440787921249466e-08,3.5893613414827996e-08,4.075485549037694e-08,4.7643233358485304e-08,5.088325849555986e-08,5.098765498701141e-08,5.135876435247155e-08,5.379008172212707e-08,5.534333169521233e-08,5.6488349997607656e-08,5.654636225926879e-08,5.656147550325841e-08,5.8148692971826677e-08,6.391982765308057e-08,9.258820909963106e-08,1.281994030932765e-07,1.834957288338046e-07,2.325856911511437e-07,3.2442295605505933e-07,4.3286732420710905e-07,9.268044891541649e-07,1.2786435945599806e-06,1.4428313761527534e-06,1.633646888876683e-06,2.583029527158942e-06,3.427681576795294e-06,3.947733603126835e-06,4.7866701606835704e-06,5.826509095641086e-06,6.329105417535175e-06,6.6989009610551875e-06,7.1618119363847654e-06,7.336716407735366e-06,7.562861355836503e-06,7.691802238696255e-06,7.957933121360838e-06,7.986316632013768e-06,7.87534736446105e-06,7.541987542936113e-06,7.208227543742396e-06,6.348063834593631e-06,5.116630745760631e-06,4.1600978875067085e-06,3.374822654222953e-06,2.752656882876181e-06,2.2710116809321335e-06,2.00248268811265e-06,1.668006120780774e-06,1.513909523964685e-06,8.979687891041976e-07,6.797808964620344e-07,5.117883006278134e-07,3.831951289612334e-07,2.847570499397989e-07,2.0820769464080513e-07,1.4716786722601682e-07,9.66020934356493e-08,5.499167343714362e-08
13,1.4326360542327166e-08,1.5032128430902958e-08,1.9310391508042812e-08,3.025347794505251e-08,3.3800340304424026e-08,3.336867138159505e-08,3.338306342470787e-08,3.446075425017625e-08,3.619854638259312e-08,3.759624433996578e-08,3.8296612103749794e-08,3.811458171298909e-08,3.784261437544956e-08,3.8003392432983674e-08,3.921832458786412e-08,4.015603849438776e-08,4.172112610945078e-08,4.4079971672772444e-08,4.616303783677722e-08,4.55811530741812e-08,4.17416181619501e-08,3.895189237823615e-08,3.7641271433130896e-08,5.251101597991692e-08,6.511152861321534e-08,8.112866822784781e-08,1.0454733967435459e-07,1.3257563580282294e-07,1.591649976262488e-07,2.255003721529647e-07,3.163446535836556e-07,3.547194467046211e-07,5.774828650828567e-07,7.206697318906663e-07,7.12003611624823e-07,9.951396577889682e-07,1.4533019339069142e-06,2.089750068989815e-06,2.5482218006800395e-06,2.523793909858796e-06,3.2620666843286017e-06,4.4063367568014655e-06,5.419739864009898e-06,6.5031972553697415e-06,6.860374469397357e-06,7.177298357419204e-06,7.47270678402856e-06,7.570737125206506e-06,7.458721483999398e-06,7.420792826451361e-06,7.4138542913715355e-06,7.399027253995882e-06,7.1670183388050646e-06,6.599684184038779e-06,6.058537110220641e-06,5.190803221921669e-06,4.252295184414834e-06,3.394206942175515e-06,2.7237317681283457e-06,2.2164772417454515e-06,1.9456738300505094e-06,1.626095922802051e-06,1.3778146694676252e-06,8.726132136871456e-07,6.60542639252526e-07,4.973027216692572e-07,3.723185102444404e-07,2.7669966584653594e-07,2.0232145914178545e-07,1.4298892381248152e-07,9.387363775203994e-08,5.342742781522247e-08
14,1.2329110177233815e-08,2.1827872842550278e-08,2.767046680673957e-08,2.9278453439474106e-08,3.0384398996829987e-08,3.051536623388529e-08,3.032619133591652e-08,3.0253431759774685e-08,3.026798367500305e-08,2.994784153997898e-08,2.55678838101403e-08,2.0171336601038092e-08,1.7852572753440654e-08,1.7023030096652292e-08,2.2319998294051402e-08,3.11296801669414e-08,4.211560167277639e-08,4.78473687337555e-08,4.931448316369824e-08,5.115014900525239e-08,5.305780703679375e-08,5.3871872296440415e-08,5.261401980760638e-08,5.3109172171161845e-08,5.7508731998723306e-08,6.069986824286389e-08,5.454856832898258e-08,5.4496165802220276e-08,5.8448254236509456e-08,1.25180946497494e-07,2.4293137812492205e-07,3.0425604791162186e-07,3.2260487614621525e-07,3.4468590115466213e-07,4.99241764373437e-07,8.354194847015606e-07,1.4794669596085441e-06,1.8201307057097438e-06,2.733489054662641e-06,4.054134478792548e-06,4.654365056921961e-06,4.921258550893981e-06,5.4782603911007755e-06,6.20331775280647e-06,6.266229320317507e-06,7.01457565810415e-06,7.178066425694851e-06,7.214056495286059e-06,7.332728273468092e-06,7.476601240341552e-06,7.501108484575525e-06,7.3722840170376e-06,6.994885552558117e-06,6.388883775798604e-06,5.885211066924967e-06,4.9544128160050604e-06,4.053084921906702e-06,3.221491851945757e-06,2.6070192689076066e-06,2.1174382709432393e-06,1.8121012317351415e-06,1.5278367300197715e-06,1.2321378335400368e-06,8.121363634927548e-07,6.147531621536473e-07,4.628422516361752e-07,3.465618192421971e-07,2.575413304839458e-07,1.882934128616398e-07,1.33105899635666e-07,8.737453072171775e-08,4.973669831542793e-08
15,2.302112989127636e-08,2.7859641704708338e-08,3.3818650990724564e-08,3.5638066719911876e-08,3.6353767995933595e-08,3.65470924634792e-08,3.6765552380302324e-08,3.695613770560158e-08,3.714696816814467e-08,3.704927564740501e-08,3.677744686569895e-08,3.64596139945661e-08,3.649255120308226e-08,3.6765491984169785e-08,3.693673278348797e-08,3.69784061149403e-08,3.7045150946823924e-08,3.7569069633036634e-08,3.9349092872953406e-08,4.22046717574176e-08,4.420157040385675e-08,4.474349069027994e-08,4.542780374094946e-08,4.8671783048348516e-08,5.319824580851673e-08,5.723138229996039e-08,6.633117521914755e-08,8.773540116635559e-08,1.2385442005324876e-07,2.460955386140995e-07,5.475000079968595e-07,6.541294510498119e-07,6.78388914820971e-07,6.005986961099552e-07,9.459628813601739e-07,1.4375069667948992e-06,1.9173014607076766e-06,2.2816966520622373e-06,3.307653287265566e-06,4.469153736863518e-06,5.001978024665732e-06,5.191142463445431e-06,5.855425570189254e-06,6.250683327380102e-06,7.042455763439648e-06,7.331831966439495e-06,7.441140496666776e-06,7.4111708272539545e-06,7.433819973812206e-06,7.528064998041373e-06,7.756243576295674e-06,7.847157576179598e-06,7.8563416536781e-06,7.587206710013561e-06,6.9461329985642806e-06,5.591108219960006e-06,4.204081051284447e-06,2.9565198929049075e-06,2.1598207240458578e-06,1.6969227090157801e-06,1.517919372417964e-06,1.2997446674489765e-06,1.176005753222853e-06,6.804521603953617e-07,5.151121627022803e-07,3.8782735600761953e-07,2.9035123816356645e-07,2.1576455822014395e-07,1.5777112594150822e-07,1.1151202272685623e-07,7.320403483390692e-08,4.1671825101730064e-08
16,4.3037289287894964e-09,7.770722731947899e-09,2.510205376893282e-08,3.38040990754962e-08,3.1621322449382205e-08,3.115582103419001e-08,3.370397294588656e-08,3.7582189804652444e-08,4.036321499256701e-08,3.9016214259390836e-08,3.475161136634597e-08,2.9712216687016735e-08,3.040884877236749e-08,3.455631158999495e-08,3.8049204675871806e-08,3.895717171076285e-08,4.102206574430056e-08,4.233389461205661e-08,4.310227907922126e-08,4.246383156214506e-08,4.1913420290029535e-08,4.485691107447565e-08,5.2914966630623894e-08,5.538758429679547e-08,6.187095635823425e-08,8.3318433041768e-08,1.310817907551609e-07,2.028280619015277e-07,2.443189544010238e-07,2.4548870669605094e-07,3.0695161967742024e-07,3.9333792756224284e-07,5.268746576803096e-07,6.095955313867307e-07,8.1574023624853e-07,1.1126348908874206e-06,1.737301090543042e-06,2.909160912167863e-06,3.651282668215572e-06,3.80452206627524e-06,4.286539933673339e-06,5.545376552618109e-06,5.815938038722379e-06,5.8974569583369885e-06,6.233784915821161e-06,6.48014292892185e-06,6.530139671667712e-06,6.749140084139071e-06,6.823985131632071e-06,6.723979367961874e-06,6.810727427364327e-06,7.180059128586436e-06,7.350382929871557e-06,7.2671155066927895e-06,6.990712790866382e-06,6.3496850088995416e-06,5.325235179043375e-06,4.060678293171804e-06,3.062286396016134e-06,2.3772868189553265e-06,1.8668513348529814e-06,1.4463760180660756e-06,1.132171746576205e-06,8.372303454962093e-07,6.337825197988423e-07,4.772331294589094e-07,3.5731591196963564e-07,2.6550429765848094e-07,1.9412854612710362e-07,1.3723337133342284e-07,9.006826928725786e-08,5.127257907133753e-08
17,1.8153514247387648e-08,3.8533471524715424e-08,4.0512531995773315e-08,4.0192389860749245e-08,3.947934601455927e-08,3.8533471524715424e-08,3.94211383536458e-08,4.045432788757353e-08,3.988681029909458e-08,3.675828708082918e-08,3.176733542886723e-08,2.6059540303435824e-08,2.3363909917861747e-08,2.690793543536074e-08,3.118302061011491e-08,3.517345348313938e-08,3.786432145602703e-08,4.3634361901467855e-08,4.803559860988571e-08,4.9687542968968046e-08,5.152670468078213e-08,5.267065006364646e-08,5.291972371423981e-08,5.431979843706358e-08,5.6310465623710115e-08,6.275727315596669e-08,7.109095179202995e-08,7.768453968992617e-08,1.5576313217025017e-07,2.981025488679734e-07,3.302280333628005e-07,5.679611376763205e-07,7.319652013393352e-07,8.418701327173039e-07,9.661978310759878e-07,1.4689807130707777e-06,1.8445438172420836e-06,2.9453203751472756e-06,3.997933163191192e-06,4.5630008571606595e-06,4.949029062117916e-06,5.1437800721032545e-06,5.753306140832137e-06,6.371048584696837e-06,6.575207862624666e-06,6.550901161972433e-06,6.600885626539821e-06,7.093186013662489e-06,7.600520802952815e-06,7.719670975347981e-06,7.676396307942923e-06,7.4741301432368346e-06,7.10651920599048e-06,6.4362479861301836e-06,5.812879862787668e-06,4.796079338120762e-06,3.7883046388742514e-06,2.8079396088287467e-06,2.2718463696946856e-06,1.896245976240607e-06,1.6241075400103e-06,1.3766550637228647e-06,1.2808324072466348e-06,7.278881639649626e-07,5.510419214260764e-07,4.1486399027235166e-07,3.106293604560051e-07,2.3083337907792156e-07,1.687811987949317e-07,1.1930629284506722e-07,7.831276604974846e-08,4.4582002090010064e-08
18,1.652438186283689e-10,4.118192009627819e-09,3.2378011383116245e-08,3.777677193284035e-08,3.6903657019138336e-08,3.5885022953152657e-08,3.5943230614066124e-08,3.719469532370567e-08,3.694736605552862e-08,3.668559855896092e-08,3.610483290117372e-08,3.6475828579796143e-08,3.685553906507266e-08,3.714162488677175e-08,3.771392087514869e-08,3.832597528230508e-08,3.939120674090191e-08,4.129672248609495e-08,4.447538870522294e-08,5.177843220849354e-08,5.376792699962607e-08,5.598468533207779e-08,6.13149353512199e-08,6.883907133214962e-08,7.053453998651094e-08,7.174779170782131e-08,7.454561057329556e-08,9.460956817974875e-08,1.4812388826612732e-07,2.074554288356012e-07,3.40780189844736e-07,5.569106065195228e-07,5.718447937397286e-07,7.829937089809391e-07,1.206079787152703e-06,1.681267463027325e-06,2.1703210677515017e-06,2.968625722132856e-06,3.293201189080719e-06,4.278936103219166e-06,4.691360118158627e-06,5.3210515034152195e-06,5.778529157396406e-06,5.970140136923874e-06,6.133174338174285e-06,6.651144303759793e-06,6.706400654366007e-06,6.672872132185148e-06,6.724298145854846e-06,6.776102509320481e-06,6.81358642395935e-06,6.7707405833061785e-06,6.604899681406096e-06,6.155457413115073e-06,5.549668458115775e-06,4.590036041918211e-06,3.6848439322056947e-06,2.805538997563417e-06,2.3417298962158384e-06,1.9658400560729206e-06,1.65429185017274e-06,1.4179423715177109e-06,1.2049274573655566e-06,7.414152491946879e-07,5.612689051304187e-07,4.225892382692109e-07,3.1639160624763463e-07,2.3512728830610286e-07,1.7192084555972542e-07,1.2151238593105518e-07,7.976385774099981e-08,4.540732234659117e-08
19,2.7561327442526817e-08,4.022149369120598e-08,4.288449417799711e-08,4.452934732057656e-08,4.3568874730226526e-08,4.2186147908296334e-08,4.061456237991479e-08,3.991616281950883e-08,4.007618770174304e-08,4.1007577777918414e-08,4.207200632322383e-08,4.324838798197561e-08,4.415387877543253e-08,4.4811187649429485e-08,4.489916349825762e-08,4.4949825195317317e-08,4.506518536118165e-08,4.5386553182424905e-08,4.6228244343637925e-08,4.842906875524022e-08,5.221421517376257e-08,5.434216987509899e-08,5.253979651342888e-08,5.009756165463841e-08,5.071840547543616e-08,5.4379114544644835e-08,6.189294765590603e-08,6.594403600956866e-08,6.11465793554089e-08,7.827490833278716e-08,1.389833670373264e-07,3.0428128638959606e-07,4.771067665387818e-07,7.715580068179406e-07,1.399448365191347e-06,2.07817697628343e-06,2.583004970801994e-06,2.8437175387807656e-06,3.514286618155893e-06,4.354741122369887e-06,5.0252265282324515e-06,5.472659722727258e-06,5.946963028691243e-06,6.1309065131354146e-06,6.5365011323592626e-06,6.502511041617254e-06,6.346167083393084e-06,6.391795068338979e-06,6.5078511397587135e-06,6.688522262265906e-06,6.774496796424501e-06,6.765538273612037e-06,6.670248694717884e-06,6.3729244175192434e-06,5.866774699825328e-06,4.971923317498295e-06,3.841152647510171e-06,3.01155728266167e-06,2.4498863240296487e-06,2.187223799410276e-06,1.9597564460127614e-06,1.7125473732448881e-06,1.4423117136175279e-06,8.780973530519987e-07,6.647406394222344e-07,5.004655463380914e-07,3.7470931602001656e-07,2.7845197791975806e-07,2.0360636199256987e-07,1.43909318239821e-07,9.446777227140046e-08,5.377588863098026e-08
20,1.0550138540565968e-08,6.841219146735966e-09,2.499291440472007e-09,9.104103582124878e-10,2.67515565255394e-09,1.5687476206949214e-08,3.690435690373306e-08,4.534473774242542e-08,4.6103789230755865e-08,4.7442473061209967e-08,4.770496175865446e-08,4.783908735817022e-08,4.770522821218037e-08,4.755836258141244e-08,4.769788830571997e-08,4.791708718698828e-08,4.846014789450237e-08,4.9809635527253704e-08,5.210480580331023e-08,5.3642420283495085e-08,5.4332172538806844e-08,5.5281997646261516e-08,5.485438236974005e-08,5.3441581826518814e-08,5.347357756591009e-08,5.5313488900310404e-08,5.738233355145894e-08,7.415260938614665e-08,1.5405333897433593e-07,2.417959308331774e-07,2.3927734105200216e-07,2.805513190651254e-07,4.268314341970836e-07,5.172339569980977e-07,8.319695439240604e-07,1.1526674370543333e-06,2.258684844491654e-06,2.7236194455326768e-06,3.3259293559240177e-06,3.946383912989404e-06,4.739055839309003e-06,5.201697604206856e-06,5.59750196771347e-06,5.854242772329599e-06,6.1496193666243926e-06,6.011957793816691e-06,5.353212600311963e-06,5.541720838664332e-06,6.825671334809158e-06,7.080432624206878e-06,7.362167252722429e-06,7.62563422540552e-06,7.4218387453584e-06,6.930150902917376e-06,6.85616942064371e-06,6.100636710471008e-06,5.027904990129173e-06,4.042845830554143e-06,3.246722371841315e-06,2.5880590328597464e-06,2.1598848434223328e-06,1.810280423342192e-06,1.435355670764693e-06,9.676580248196842e-07,7.325287469939212e-07,5.514890517588356e-07,4.130095589971461e-07,3.068661271754536e-07,2.2435482094351755e-07,1.5860256041833054e-07,1.040914057170994e-07,5.926064616801341e-08
21,4.0236045606434345e-08,4.662433639168739e-08,4.746834747493267e-08,4.8603396862745285e-08,4.886575055706999e-08,4.865382763341586e-08,4.847868595447835e-08,4.848561374615201e-08,4.906951645011759e-08,5.085141552285677e-08,5.129551539084787e-08,4.905834671831144e-08,4.6704595746405175e-08,4.646230067351098e-08,4.851048984733097e-08,5.1143551615950855e-08,5.462623420271484e-08,5.5726122383248367e-08,5.5874572524317045e-08,5.6974773343654306e-08,5.782222700645434e-08,5.907883604550079e-08,5.99483485075325e-08,5.968124838773292e-08,5.950294479362128e-08,6.703167798605136e-08,8.019943464887547e-08,8.666690121117426e-08,1.3065752568763855e-07,3.072973697726411e-07,4.913443945042673e-07,7.284403977791953e-07,9.916279850585852e-07,1.135977413468936e-06,1.1764414011850022e-06,1.2213994295962038e-06,1.6746060964578646e-06,3.1654556096327724e-06,4.288790478312876e-06,4.564399660011986e-06,4.963648279954214e-06,5.341457381291548e-06,5.6575581766082905e-06,6.163640591694275e-06,7.74412001192104e-06,7.914481102488935e-06,7.854978321120143e-06,7.843669663998298e-06,7.536614248238038e-06,7.4216686698491685e-06,7.313806236197706e-06,7.4020827014464885e-06,7.3176506703021005e-06,7.217961865535472e-06,6.888905772939324e-06,5.633063210552791e-06,4.335499397711828e-06,3.341581304994179e-06,2.598393621155992e-06,2.037845661106985e-06,1.7173970263684168e-06,1.4788685120947775e-06,1.2847184507336351e-06,7.697897785874375e-07,5.827383233736327e-07,4.387261469673831e-07,3.285021250576392e-07,2.4411045274064236e-07,1.784838730145566e-07,1.2615934963378095e-07,8.281158159206825e-08,4.714231138791547e-08
22,2.8005160856992006e-08,3.758759703487158e-08,5.644687917083502e-08,5.8455068341345395e-08,5.907434541541079e-08,5.873639352671489e-08,5.9372226246523496e-08,5.975449113293507e-08,6.11529316074666e-08,6.158956011859118e-08,6.080210113168505e-08,5.947370951275843e-08,5.89938196071671e-08,6.012867714844106e-08,6.116944462064566e-08,6.267204355481226e-08,6.32925534205242e-08,6.405650054830403e-08,6.460436452471185e-08,6.484547299123733e-08,6.53612701739803e-08,6.541861097275614e-08,6.631508142618259e-08,6.893100135130226e-08,6.952564035600517e-08,6.621186798838608e-08,6.557705489740329e-08,6.82850043176586e-08,7.456745976242019e-08,1.1544059930201911e-07,2.27171042865848e-07,2.8678900321210676e-07,3.272754725003324e-07,4.429645343861921e-07,7.260308052536857e-07,1.1645520316960756e-06,1.5095369008122361e-06,2.043581844191067e-06,3.22596156365762e-06,4.146597348153591e-06,5.031209184380714e-06,5.197926839173306e-06,5.271595000522211e-06,5.830005648022052e-06,6.33515628578607e-06,6.424565071938559e-06,6.560013389389496e-06,6.908009709150065e-06,7.204012035799678e-06,7.188600648078136e-06,7.162247584346915e-06,7.102187737473287e-06,6.9686911956523545e-06,6.594355909328442e-06,6.270819085330004e-06,5.84290137339849e-06,5.063523076387355e-06,4.19620801039855e-06,3.221387260055053e-06,2.4813027721393155e-06,2.060820861515822e-06,1.6994135876302607e-06,1.3708752248930978e-06,9.23638253880199e-07,6.992107159931038e-07,5.264120090942015e-07,3.9414138086613093e-07,2.9289117264852393e-07,2.1415874584818084e-07,1.513706138212001e-07,9.93623814338207e-08,5.656348633920061e-08
23,2.567685442045331e-08,3.581226337701082e-08,4.1167368181049824e-08,4.0745366192140864e-08,3.946610505067838e-08,4.104147777184153e-08,4.6542794507331564e-08,5.3674195754638276e-08,5.723584806105464e-08,5.96951110765076e-08,6.056034607127003e-08,6.064548330186881e-08,6.042564848485199e-08,5.9244158023830096e-08,5.5031165402397164e-08,4.8393228979648484e-08,3.9141770713513324e-08,3.860924735477056e-08,4.38644818245848e-08,5.557535232014743e-08,6.647915995472431e-08,6.634755322920682e-08,6.324116696987403e-08,6.107028838187034e-08,5.823649118497087e-08,5.861467400336551e-08,6.04687997451947e-08,6.188089685110754e-08,6.587850265304951e-08,1.104766553794434e-07,2.2008818234553473e-07,3.226538183298544e-07,4.1027047359420976e-07,5.416356430032465e-07,1.1243660082982387e-06,2.2643280317424797e-06,2.6300533590983832e-06,2.786910727081704e-06,3.9272326830541715e-06,4.522532435657922e-06,5.090026206744369e-06,5.780313586001284e-06,6.4329601627832744e-06,6.7470928115653805e-06,7.015706614765804e-06,7.694173291383777e-06,8.204433470382355e-06,8.314727892866358e-06,8.475055437884293e-06,8.434692972514313e-06,7.922626537038013e-06,7.670472768950276e-06,7.266515240189619e-06,6.595855666091666e-06,5.84423514737864e-06,4.8409260671178345e-06,3.986113370046951e-06,3.3231713132408913e-06,2.930935352196684e-06,2.4465980459353887e-06,2.112537003995385e-06,1.7870343071990646e-06,1.5020046930658282e-06,9.471731914345582e-07,7.170618800955708e-07,5.398405278356222e-07,4.041941110699554e-07,3.003742961027456e-07,2.1962381424600608e-07,1.5523896479407995e-07,1.0189707211338828e-07,5.8007600500786793e-08
24,3.832974471151829e-08,3.9508449845016e-08,4.293488586881722e-08,5.114938161909777e-08,5.6713012952513964e-08,5.707087069595218e-08,5.702761995962646e-08,5.699871863384942e-08,5.7039049039531164e-08,5.6975185458441047e-08,5.680483994296992e-08,5.655977375340626e-08,5.6108710566604714e-08,5.525838275843853e-08,5.44955582881812e-08,5.4467108157041366e-08,5.5001724064140944e-08,5.6521024305311585e-08,5.931188695740275e-08,6.140889752259682e-08,6.253037554415641e-08,6.548309272602637e-08,6.772773275542932e-08,6.348378178699932e-08,5.853852158566042e-08,6.210297698316936e-08,7.97431454202524e-08,1.0625598889646426e-07,1.181758193524729e-07,3.058163713376416e-07,5.176029276299232e-07,6.91141849529231e-07,8.025656939025794e-07,8.971998113338486e-07,1.18097125323402e-06,1.7832251160143642e-06,2.2023953079042258e-06,2.6905468075710814e-06,2.927737796198926e-06,3.945855041820323e-06,4.764112418342847e-06,5.064721335656941e-06,5.3385424507723656e-06,5.825594143971102e-06,6.285859853960574e-06,6.623852186748991e-06,7.488144092349103e-06,8.158898708643392e-06,7.85270458436571e-06,7.72054227127228e-06,7.383471711364109e-06,7.69955113355536e-06,8.291308404295705e-06,7.94425250205677e-06,6.806177225371357e-06,5.1077199714200106e-06,4.182787051831838e-06,3.3072856240323745e-06,2.526190655771643e-06,2.0307716113165952e-06,1.7609560245546163e-06,1.5118951068870956e-06,1.2331655625530402e-06,7.893307838457986e-07,5.975336421215616e-07,4.498673717989732e-07,3.3683818401186727e-07,2.50304310611682e-07,1.8301815885024553e-07,1.2936243365402333e-07,8.491409886346446e-08,4.8338968383632164e-08
25,3.770401235669851e-08,4.3291947804391384e-08,5.5035343393683434e-08,5.3914845921099186e-08,4.8137735575437546e-08,4.6798959374427795e-08,4.6595364011636775e-08,4.923772323195408e-08,5.063311547814919e-08,5.386311840993585e-08,5.437260952589895e-08,5.480848130900995e-08,5.497836141898915e-08,5.509476252996137e-08,5.5164651513450735e-08,5.4951254213619904e-08,5.505335209932127e-08,5.6138556914220317e-08,5.7124942998143524e-08,5.7308334078243206e-08,5.823248017122751e-08,5.9131437524229113e-08,6.140993491499103e-08,6.686451570203644e-08,7.019538372787792e-08,7.250682187986968e-08,7.626837117413743e-08,8.400081696890993e-08,1.1524205234536566e-07,2.166926691415938e-07,2.865560873033246e-07,2.54689098255767e-07,2.7748689035433927e-07,4.4330587911645125e-07,8.261368407147529e-07,1.2346337143753772e-06,1.449593924007786e-06,2.1879288851778256e-06,3.686805257530068e-06,3.883327281073434e-06,4.583686404657783e-06,5.281109679344809e-06,6.153182766865939e-06,6.583798040082911e-06,7.29883913663798e-06,7.558051947853528e-06,7.626046681252774e-06,7.677002940909006e-06,7.753034878987819e-06,7.855724106775597e-06,7.981630915310234e-06,8.586976946389768e-06,8.598619388067164e-06,8.011153113329783e-06,6.762708835594822e-06,5.0503481361374725e-06,3.893836947099771e-06,3.079930138483178e-06,2.437648618069943e-06,2.0230891095707193e-06,1.7498911120128469e-06,1.5053715287649538e-06,1.2733726180158556e-06,7.841770184313646e-07,5.936399247730151e-07,4.469311534194276e-07,3.3464016269135755e-07,2.486735297679843e-07,1.8182433336733084e-07,1.285191189026591e-07,8.436029474978568e-08,4.8023171217437266e-08
26,5.200854502618313e-08,5.49334906452259e-08,5.492055876743507e-08,5.573775752054644e-08,5.8643681910552914e-08,6.210832736996963e-08,6.366672522517547e-08,6.521145223814528e-08,6.624473058991498e-08,6.668337704240912e-08,6.69537953967847e-08,6.746844150029574e-08,6.784600259379658e-08,6.781571926239849e-08,6.628209092696125e-08,6.596934554181644e-08,6.650446238154473e-08,6.649068495789834e-08,6.541715436014783e-08,6.540330588222787e-08,7.03200200291576e-08,7.751494024432759e-08,7.88713521160389e-08,7.872117890883601e-08,7.745538965764354e-08,7.7373933038416e-08,7.852979422295903e-08,7.93661811826496e-08,8.006963980733417e-08,7.74668080794072e-08,1.2316573361204064e-07,3.0917635740479454e-07,5.213913141233206e-07,6.722842726958334e-07,8.32065268241422e-07,8.94959669039963e-07,1.5155145547396387e-06,2.29564102482982e-06,2.8977660804230254e-06,3.929363174393075e-06,4.450314008863643e-06,4.867281859333161e-06,5.6481298997823615e-06,6.055053745512851e-06,6.1943469518155325e-06,6.680694241367746e-06,7.4367726483615115e-06,8.1822436186485e-06,8.586663170717657e-06,8.633845936856233e-06,8.621897904959042e-06,8.322016583406366e-06,7.802371328580193e-06,6.844200925115729e-06,5.512046755029587e-06,4.433143658388872e-06,3.4644131119421218e-06,2.744243374763755e-06,2.29104989557527e-06,1.957329686774756e-06,1.68272822520521e-06,1.4443422742260736e-06,1.316403199780325e-06,7.540419346696581e-07,5.708164962925366e-07,4.297507416595181e-07,3.217716653125535e-07,2.390933104834403e-07,1.7483455394540215e-07,1.2357544676433463e-07,8.111224047979704e-08,4.6176207746384534e-08
27,5.360925570130348e-08,5.7247234508395195e-08,5.848414730280638e-08,6.251509887533757e-08,6.32416572443617e-08,5.578751682833172e-08,5.497419053313024e-08,6.251310225025009e-08,6.442733280209723e-08,6.268216168336949e-08,6.169437938297051e-08,6.105891259267082e-08,6.095597626654126e-08,6.195121216023836e-08,6.354461135060774e-08,6.402120078519147e-08,6.510990147035045e-08,6.452197709450047e-08,6.394245843921453e-08,6.661394280627064e-08,7.178870475854637e-08,7.0451406486427e-08,6.796727092250876e-08,6.930309126573775e-08,7.376637256584218e-08,8.089106984243699e-08,7.998463757985519e-08,7.890230335760862e-08,1.1520705811562948e-07,1.241599534296256e-07,2.3038636243200017e-07,3.6740513564836874e-07,5.299944518810662e-07,5.816511929879198e-07,7.882719046392594e-07,1.0799124083860079e-06,2.0975337520212634e-06,2.455382173138787e-06,3.6340279621072114e-06,4.012561475974508e-06,4.337132395448862e-06,4.788882506545633e-06,5.60223179491004e-06,6.28431371296756e-06,6.994612704147585e-06,7.930575520731509e-06,8.284956493298523e-06,8.43455836729845e-06,8.547114703105763e-06,8.662196705699898e-06,8.593819075031206e-06,8.430441084783524e-06,7.877701136749238e-06,6.6859956859843805e-06,5.26585927218548e-06,4.1035746107809246e-06,3.279798420408042e-06,2.6004852315963944e-06,2.1543587536143605e-06,1.8714176803769078e-06,1.612328219380288e-06,1.426566541340435e-06,1.3007538655074313e-06,7.225668809951458e-07,5.469956363413075e-07,4.1181269239132234e-07,3.083415549554047e-07,2.2913059183338191e-07,1.6753779163991567e-07,1.184198907822065e-07,7.773124366394768e-08,4.424942190439651e-08
28,4.614412318915129e-08,4.7497451305389404e-08,4.984030965715647e-08,5.179107986919007e-08,5.0001496276763646e-08,4.896463323689204e-08,5.265232871920489e-08,5.678811376697013e-08,5.793729584979701e-08,5.751379106300192e-08,5.6764342559745273e-08,5.701168959149072e-08,5.709782158191956e-08,5.752032805617091e-08,5.82116008729372e-08,5.855841322954802e-08,5.884252018972802e-08,5.882442266624821e-08,5.883609333068307e-08,5.8763930610439274e-08,5.926888491103455e-08,6.131045893198461e-08,6.268545149623606e-08,6.247947226256656e-08,6.191439183567127e-08,6.185830869753772e-08,6.213776515551217e-08,6.421226572683736e-08,6.44166462393514e-08,7.167079019154698e-08,3.3955114986383705e-07,7.115302196325501e-07,1.0476564966666047e-06,1.5337897139033885e-06,2.2023766632628394e-06,2.9769523735012626e-06,3.5801774629362626e-06,3.7298357256076997e-06,3.699414492075448e-06,3.777307483687764e-06,4.333926881372463e-06,5.055333531345241e-06,5.568228061747504e-06,6.391357146640075e-06,7.01682256476488e-06,7.300481229322031e-06,7.958608875924256e-06,8.481932127324399e-06,8.956143574323505e-06,8.969997907115612e-06,8.778808478382416e-06,8.040255124797113e-06,7.13112194716814e-06,5.956090262770886e-06,4.884887857770082e-06,3.8827056414447725e-06,3.220324288122356e-06,2.6696957320382353e-06,2.2869780877954327e-06,1.951536660271813e-06,1.692251657914312e-06,1.4326055861602072e-06,1.1956667549384292e-06,7.586885999444348e-07,5.743161182181211e-07,4.3239842284492624e-07,3.2375925229644054e-07,2.405856207587931e-07,1.7590086542895733e-07,1.2433085316843062e-07,8.161781295257242e-08,4.645901086064441e-08
29,4.5823981054127216e-08,5.4249539971351624e-08,5.797589608391718e-08,5.967602589862508e-08,6.060510315819556e-08,6.025922516528226e-08,5.956459148137583e-08,5.849933160106957e-08,5.7918263962619676e-08,5.7370417749780245e-08,5.714507267384761e-08,5.68592746219565e-08,5.66760540721134e-08,5.593411245286006e-08,5.497538069221264e-08,5.4497231616323916e-08,5.439245498450873e-08,5.4509616376208214e-08,5.9206453073556986e-08,7.412992886202119e-08,8.158040287753465e-08,7.721303063590312e-08,6.708979327640918e-08,6.352821912969375e-08,6.390252593746482e-08,6.307882927103492e-08,6.203983105024236e-08,6.987378498024555e-08,1.1327279736406126e-07,2.0069025197244628e-07,3.4954783245666476e-07,4.573385012918152e-07,7.20016032573767e-07,9.503452247372479e-07,9.757625321071828e-07,1.2245844800418126e-06,2.50483594754769e-06,3.045956873393152e-06,3.1658626085118158e-06,3.5142284104949795e-06,4.06025537813548e-06,4.489012098929379e-06,5.540177880902775e-06,5.859607426828006e-06,6.576833584404085e-06,7.168739102780819e-06,7.969683792907745e-06,8.23710797703825e-06,8.646296919323504e-06,8.737291864235885e-06,8.457479452772532e-06,7.718155757174827e-06,7.001141057116911e-06,6.116929398558568e-06,5.0699100029305555e-06,3.89065053241211e-06,3.10668633574096e-06,2.588540610304335e-06,2.2088920559326652e-06,1.873305109256762e-06,1.6316566870955285e-06,1.4151708001008956e-06,1.208936396324134e-06,7.314429240068421e-07,5.5377415719704e-07,4.1688682017593237e-07,3.121485292467696e-07,2.3196821530291345e-07,1.6959711501840502e-07,1.198798571522275e-07,7.869735441090597e-08,4.4794777664947105e-08
30,4.570756573230028e-08,4.608596526622932e-08,4.597682590201657e-08,4.628190453104253e-08,4.617900728476343e-08,4.613274384723809e-08,4.61261393525092e-08,4.616884297092838e-08,4.627182903504945e-08,4.6709633494401714e-08,4.69161172134136e-08,4.677633924643487e-08,4.649847085147485e-08,4.654496521538931e-08,4.7787171553181906e-08,4.943686349179188e-08,5.0907225102037046e-08,5.337235009506003e-08,5.678920445006952e-08,6.070471414432177e-08,6.652822293062854e-08,7.529632739533554e-08,7.87225218346066e-08,8.568941467501645e-08,1.0604738065467245e-07,1.2035253860176454e-07,1.0242967363183197e-07,7.646201538591413e-08,1.200837544956812e-07,3.148927305574034e-07,5.098802375869127e-07,5.505123681359692e-07,6.751757837264449e-07,9.005249239635305e-07,1.01442265076912e-06,1.0955056950479047e-06,1.6816278503029025e-06,2.3460047486878466e-06,2.9885304684285074e-06,3.3832232020358788e-06,4.411939698911738e-06,5.142977897776291e-06,6.144912731542718e-06,6.653888704022393e-06,7.269156412803568e-06,7.667003956157714e-06,8.106271707220003e-06,8.494213034282438e-06,8.65707806951832e-06,8.654118573758751e-06,8.49602474772837e-06,7.753257705189753e-06,6.937376838322962e-06,5.988474185869563e-06,4.93672450829763e-06,3.790397840930382e-06,3.1709846552985255e-06,2.681193791431724e-06,2.3019274522084743e-06,1.908508920678287e-06,1.676613919698866e-06,1.3965507150714984e-06,1.2306470580369933e-06,7.517052722505468e-07,5.690488364962221e-07,4.283779730940296e-07,3.207940437732759e-07,2.3838589413571754e-07,1.7426270915166242e-07,1.231909436683054e-07,8.086123415296242e-08,4.602854630775255e-08
31,3.2610842026770115e-08,3.578315954655409e-08,3.991590702412395e-08,3.984316876426419e-08,3.56376439469841e-08,3.419943439553208e-08,3.360264599905349e-08,3.370884016362652e-08,3.4546250304856585e-08,3.5230193873303506e-08,3.5724966096495336e-08,3.6057905106190447e-08,3.624976230298671e-08,3.6757818122623576e-08,3.8045477879222744e-08,3.978376739155465e-08,4.151645427441508e-08,4.245308105055301e-08,4.444980206130822e-08,5.6019523242412106e-08,6.84076937318423e-08,7.176459604352203e-08,7.371410504219966e-08,7.700377580022177e-08,7.796921863700845e-08,7.56070690499655e-08,8.575256060794345e-08,1.0869239019939414e-07,2.1280160922287905e-07,3.076359575970855e-07,5.158109956937551e-07,6.696434979858168e-07,8.157967954502965e-07,8.786623766354751e-07,1.0976730209222296e-06,1.4154406926536467e-06,1.5922496459097601e-06,2.2314898160402663e-06,3.087954382863245e-06,3.328019829496043e-06,3.7624781725753564e-06,4.589574473357061e-06,5.442395377031062e-06,6.103375199018046e-06,6.926176865817979e-06,7.406842087220866e-06,8.163964594132267e-06,8.478949894197285e-06,8.519074981450103e-06,8.472548870486207e-06,8.247108780778944e-06,7.584443210362224e-06,6.777813268854516e-06,5.95371739109396e-06,5.059986506239511e-06,4.07296738558216e-06,3.2436112178402254e-06,2.5755837214092026e-06,2.2203755634109257e-06,1.9819447061308892e-06,1.7757670320861507e-06,1.5449834336322965e-06,1.2748662356898421e-06,7.958658443385502e-07,6.025800303177675e-07,4.536327651294414e-07,3.3967060630857304e-07,2.5240112222491007e-07,1.8456171346770134e-07,1.3044905244896654e-07,8.56318749242746e-08,4.874842574054128e-08
32,7.406924851238728e-08,7.351632547170084e-08,7.654318068262e-08,8.000655071782603e-08,8.253869765439958e-08,8.429115183616886e-08,8.46741770033077e-08,8.546308549739479e-08,8.55996304949258e-08,8.601625722803874e-08,8.61000231111575e-08,8.627181102838222e-08,8.578052046459561e-08,8.54085016044337e-08,8.424405706364269e-08,8.353912051006773e-08,8.086814773378137e-08,7.931777190606226e-08,8.306929544232844e-08,7.834653104055178e-08,7.503738430614249e-08,7.849282468441743e-08,8.31679756174708e-08,8.636330051103869e-08,8.887445801519789e-08,8.960862629692201e-08,8.981847088307404e-08,8.869578493886365e-08,9.747388673986279e-08,9.790645094653883e-08,1.0014273499336923e-07,2.3059899945110374e-07,3.9359565562335774e-07,5.173225190446828e-07,5.704860654986987e-07,8.833184779177827e-07,1.0452846481712186e-06,1.638549974813941e-06,2.3952738956722897e-06,3.6534420360112563e-06,4.217146852170117e-06,4.993395123165101e-06,5.587952728092205e-06,6.6196157604281325e-06,7.538521458627656e-06,7.715501851635054e-06,8.202602657547686e-06,8.366563633899204e-06,8.353154044016264e-06,8.316588719026186e-06,8.106229870463721e-06,7.64963169785915e-06,7.064942110446282e-06,6.229758582776412e-06,5.136219442647416e-06,3.972454123868374e-06,3.2617258511891123e-06,2.6600978344504256e-06,2.2630460989603307e-06,1.929884774654056e-06,1.8074580339089152e-06,1.506624357716646e-06,1.395482968291617e-06,8.102970809886756e-07,6.134137038316112e-07,4.618357536401163e-07,3.4576964935695287e-07,2.569652224337915e-07,1.878967736956838e-07,1.3280346422561706e-07,8.717216815057327e-08,4.9621235120866913e-08
