"wv_mr","pp_o3","alt","o3_mr","pressure","temperature"
8600,2.1649,0.04,0.0213,1014.02,13.78
8660,2.2046,0.045,0.0217,1013.66,13.47
8680,2.1808,0.047,0.0215,1013.41,13.31
8590,2.3116,0.051,0.0228,1012.97,13.05
8630,2.2997,0.056,0.0227,1012.57,12.97
8740,2.3275,0.062,0.023,1012.08,12.81
8890,2.3195,0.069,0.0229,1011.5,12.81
9120,2.3116,0.076,0.0229,1010.84,12.77
9170,2.3552,0.084,0.0233,1010.14,12.95
9210,2.3671,0.092,0.0235,1009.35,12.85
9310,2.3671,0.1,0.0235,1008.55,12.55
9370,2.3909,0.109,0.0237,1007.69,12.47
9380,2.3632,0.116,0.0235,1006.77,12.52
9460,2.4147,0.124,0.024,1005.83,12.74
9450,2.4742,0.132,0.0246,1004.93,12.62
9410,2.5059,0.141,0.025,1003.97,12.63
9390,2.4702,0.147,0.0246,1003.08,12.66
9410,2.5257,0.149,0.0252,1002.35,12.67
9290,2.6843,0.153,0.0268,1001.7,12.79
9180,2.6923,0.156,0.0269,1001.19,13.19
9090,2.6843,0.16,0.0268,1000.61,13.24
8980,2.6804,0.165,0.0268,1000.06,13.13
8970,2.6407,0.169,0.0264,999.49,13.12
8990,2.6487,0.172,0.0265,998.95,13.16
9040,2.7165,0.176,0.0272,998.51,13.25
8990,2.7368,0.181,0.0274,997.93,13.12
8940,2.721,0.185,0.0273,997.36,13.09
8850,2.7488,0.189,0.0276,996.87,13.12
8780,2.8281,0.194,0.0284,996.34,13.33
8670,2.836,0.198,0.0285,995.82,13.3
8640,2.8439,0.201,0.0286,995.34,13.37
8710,2.8519,0.206,0.0287,994.82,13.32
8740,2.8558,0.211,0.0287,994.31,13.31
8730,2.8598,0.215,0.0288,993.81,13.35
8790,2.8955,0.219,0.0291,993.32,13.3
8780,2.9352,0.224,0.0296,992.82,13.24
8720,2.9074,0.229,0.0293,992.26,13.15
8640,2.9153,0.233,0.0294,991.73,13.05
8690,2.9669,0.238,0.0299,991.21,13.02
8760,2.9907,0.243,0.0302,990.59,12.95
8900,2.9709,0.247,0.03,990.01,12.87
8810,2.9788,0.252,0.0301,989.41,12.82
8790,2.9828,0.257,0.0302,988.88,12.94
8810,3.0105,0.261,0.0305,988.35,12.94
8720,3.0462,0.265,0.0308,987.87,12.88
8640,3.0343,0.269,0.0307,987.37,12.87
8500,3.0264,0.274,0.0307,986.86,12.89
8470,3.0423,0.278,0.0308,986.3,12.89
8430,3.0423,0.284,0.0309,985.72,12.69
8400,3.086,0.289,0.0313,985.12,12.53
8430,3.0939,0.295,0.0314,984.54,12.47
8390,3.0543,0.299,0.031,983.98,12.35
8450,3.0344,0.305,0.0309,983.33,12.38
8470,3.0622,0.312,0.0312,982.69,12.36
8460,3.0781,0.317,0.0313,982.01,12.35
8490,3.0582,0.322,0.0312,981.37,12.41
8440,3.09,0.327,0.0315,980.76,12.36
8370,3.082,0.334,0.0314,980.13,12.38
8350,3.09,0.34,0.0315,979.43,12.36
8270,3.0741,0.344,0.0314,978.77,12.24
8280,3.1098,0.351,0.0318,978.09,12.29
8150,3.1574,0.357,0.0323,977.43,12.27
8160,3.1415,0.363,0.0322,976.77,12.2
8060,3.1455,0.369,0.0322,976.06,12.18
7960,3.1217,0.375,0.032,975.41,12.37
7880,3.1733,0.38,0.0326,974.75,12.46
7780,3.2169,0.386,0.033,973.97,12.57
7690,3.2209,0.392,0.0331,973.24,12.59
7580,3.2209,0.398,0.0331,972.57,12.68
7520,3.201,0.404,0.0329,971.92,12.71
7570,3.2407,0.409,0.0334,971.3,12.8
7560,3.2645,0.414,0.0336,970.64,12.89
7690,3.2804,0.419,0.0338,970.03,13.07
7700,3.3081,0.425,0.0341,969.38,13.04
7690,3.32,0.432,0.0343,968.67,13.02
7650,3.3518,0.438,0.0346,967.98,12.94
7650,3.328,0.443,0.0344,967.32,12.92
7690,3.32,0.448,0.0343,966.68,13.08
7940,3.3399,0.454,0.0346,965.95,13.42
8000,3.3319,0.46,0.0345,965.28,13.52
8140,3.3557,0.465,0.0348,964.71,13.64
8300,3.3835,0.471,0.0351,964.07,13.78
8380,3.3914,0.477,0.0352,963.45,13.78
8260,3.3637,0.483,0.0349,962.85,13.69
8600,3.3676,0.491,0.035,962.16,13.95
8690,3.3756,0.498,0.0351,961.36,14.05
8710,3.3201,0.504,0.0346,960.69,14.09
8630,3.3163,0.51,0.0345,960.01,13.99
8620,3.3404,0.517,0.0348,959.28,14
8610,3.3645,0.522,0.0351,958.61,13.97
8660,3.3211,0.528,0.0347,957.9,14.05
8580,3.3332,0.534,0.0348,957.24,13.97
8600,3.3175,0.54,0.0347,956.55,13.96
8550,3.3373,0.546,0.0349,955.76,13.85
8510,3.2738,0.553,0.0343,955.06,13.82
8510,3.2778,0.559,0.0343,954.35,13.78
8520,3.2262,0.564,0.0338,953.69,13.76
8520,3.2262,0.57,0.0339,953.04,13.73
8460,3.2262,0.576,0.0339,952.35,13.64
8460,3.2262,0.582,0.0339,951.66,13.61
8460,3.2064,0.588,0.0337,951.03,13.59
8450,3.2064,0.593,0.0337,950.38,13.54
8400,3.2341,0.599,0.0341,949.75,13.45
8410,3.2421,0.604,0.0342,949.07,13.42
8440,3.1905,0.609,0.0336,948.45,13.39
8390,3.1865,0.615,0.0336,947.78,13.29
8380,3.1984,0.622,0.0338,947.11,13.25
8370,3.1786,0.627,0.0336,946.46,13.22
8330,3.1468,0.631,0.0333,945.83,13.1
8370,3.1468,0.635,0.0333,945.28,13.09
8350,3.1627,0.64,0.0335,944.76,13.06
8360,3.1746,0.647,0.0336,944.24,13.05
8300,3.1468,0.653,0.0333,943.62,12.93
8330,3.1151,0.658,0.033,943.07,12.9
8340,3.123,0.664,0.0331,942.44,12.87
8290,3.1151,0.669,0.0331,941.76,12.77
8330,3.127,0.674,0.0332,941.18,12.73
8360,3.0913,0.679,0.0329,940.6,12.78
8340,3.1032,0.683,0.033,940.04,12.68
8330,3.123,0.689,0.0332,939.47,12.66
8320,3.1072,0.695,0.0331,938.83,12.55
8360,3.0754,0.7,0.0328,938.18,12.55
8360,3.0873,0.706,0.0329,937.59,12.5
8370,3.0675,0.712,0.0327,936.99,12.5
8380,3.0873,0.718,0.033,936.39,12.46
8380,3.0675,0.723,0.0328,935.76,12.38
8450,3.0516,0.728,0.0326,935.12,12.43
8440,3.0635,0.735,0.0328,934.48,12.32
8450,3.0476,0.742,0.0326,933.87,12.28
8410,3.0397,0.747,0.0326,933.2,12.17
8440,3.0079,0.752,0.0323,932.6,12.14
8440,3.0357,0.758,0.0326,932,12.12
8420,3.0476,0.764,0.0327,931.3,12.08
8440,3.0079,0.77,0.0323,930.67,12.08
8410,3.0319,0.776,0.0326,930.04,11.98
8500,2.9842,0.781,0.0321,929.38,12.04
8450,2.9604,0.786,0.0319,928.79,11.96
8430,2.9961,0.792,0.0323,928.22,11.91
8420,3.016,0.797,0.0325,927.55,11.85
8420,2.9326,0.802,0.0316,927,11.93
8440,2.9922,0.807,0.0323,926.44,11.9
8400,3.0001,0.812,0.0324,925.83,11.81
8360,2.9922,0.817,0.0323,925.24,11.8
8330,3.012,0.823,0.0326,924.62,11.77
8330,2.9922,0.828,0.0324,923.96,11.76
8330,2.9842,0.833,0.0323,923.38,11.74
8250,2.9763,0.839,0.0323,922.86,11.69
8160,2.9565,0.843,0.0321,922.31,11.81
8090,2.9723,0.848,0.0322,921.75,11.83
8020,3.0001,0.853,0.0326,921.22,11.76
8100,3.0319,0.859,0.0329,920.65,11.84
8120,3.0199,0.865,0.0328,920.13,11.8
8010,3.0041,0.87,0.0327,919.49,11.73
7960,2.9961,0.874,0.0326,918.98,11.7
7900,3.0199,0.879,0.0329,918.38,11.62
7910,3.0557,0.885,0.0333,917.76,11.6
7890,3.0636,0.891,0.0334,917.17,11.54
7960,3.0557,0.897,0.0333,916.53,11.53
7950,3.012,0.902,0.0329,915.92,11.43
7970,3.008,0.906,0.0329,915.35,11.43
8060,3.0239,0.91,0.0331,914.87,11.49
8080,3.0676,0.914,0.0335,914.34,11.49
8010,3.0795,0.918,0.0337,913.85,11.46
7690,3.0795,0.923,0.0337,913.31,11.48
7540,3.0438,0.928,0.0333,912.78,11.51
7460,3.0517,0.933,0.0335,912.27,11.56
7410,3.0596,0.938,0.0336,911.82,11.57
7340,3.0755,0.943,0.0337,911.37,11.63
7260,3.0795,0.948,0.0338,910.88,11.74
7200,3.0953,0.954,0.034,910.37,11.66
7160,3.0993,0.959,0.0341,909.81,11.65
7110,3.1033,0.963,0.0341,909.24,11.63
7130,3.139,0.969,0.0345,908.67,11.54
7180,3.1351,0.974,0.0345,908.03,11.49
7160,3.1432,0.98,0.0346,907.46,11.5
7030,3.1395,0.986,0.0346,906.93,11.61
6940,3.1597,0.991,0.0349,906.29,11.57
6910,3.1638,0.995,0.0349,905.7,11.55
6750,3.2235,1,0.0356,905.24,11.62
6240,3.2433,1.006,0.0358,904.71,11.71
5600,3.1957,1.011,0.0353,904.17,11.95
5300,3.2712,1.016,0.0362,903.64,11.95
5180,3.3149,1.021,0.0367,903.09,12.08
5090,3.3625,1.026,0.0373,902.58,12.01
5040,3.4022,1.031,0.0377,902,11.98
5010,3.4022,1.036,0.0377,901.43,12.01
4980,3.4419,1.042,0.0382,900.86,11.87
4930,3.4737,1.047,0.0386,900.31,11.85
4860,3.5491,1.052,0.0394,899.8,11.87
4760,3.569,1.057,0.0397,899.26,11.9
4540,3.5849,1.062,0.0399,898.67,11.83
4290,3.6047,1.067,0.0401,898.11,11.92
4190,3.6206,1.071,0.0403,897.61,11.91
4200,3.6722,1.076,0.0409,897.09,11.89
4180,3.7437,1.082,0.0418,896.63,11.8
3870,3.7873,1.087,0.0423,896.08,11.89
3610,3.7556,1.092,0.0419,895.47,11.96
3380,3.7913,1.097,0.0424,894.87,12.08
3220,3.8151,1.102,0.0427,894.34,12.04
3110,3.8628,1.107,0.0432,893.78,12
3050,3.9382,1.112,0.0441,893.25,12.07
3030,3.97,1.118,0.0445,892.63,11.97
3030,3.9898,1.124,0.0447,892.07,11.96
3010,3.9977,1.129,0.0448,891.49,11.94
3020,4.0017,1.134,0.0449,890.95,11.93
3020,4.0533,1.139,0.0455,890.45,11.84
3020,4.1129,1.144,0.0462,889.9,11.83
3050,4.1168,1.15,0.0463,889.35,11.8
3070,4.1208,1.155,0.0464,888.72,11.76
3060,4.1129,1.159,0.0463,888.18,11.66
3060,4.1605,1.163,0.0469,887.66,11.64
3050,4.2201,1.168,0.0476,887.17,11.63
3050,4.2518,1.174,0.048,886.63,11.6
3090,4.2439,1.179,0.0479,886.08,11.6
3130,4.2439,1.183,0.0479,885.65,11.58
3130,4.2598,1.188,0.0481,885.15,11.5
3150,4.3272,1.194,0.0489,884.65,11.45
3130,4.3114,1.199,0.0488,884.12,11.4
3130,4.3392,1.205,0.0491,883.5,11.3
3150,4.3034,1.21,0.0487,882.89,11.28
3180,4.3312,1.215,0.0491,882.31,11.25
3230,4.359,1.22,0.0494,881.82,11.17
3260,4.3908,1.225,0.0498,881.32,11.21
3290,4.3908,1.231,0.0499,880.73,11.12
3310,4.3669,1.237,0.0496,880.14,11.06
3300,4.3709,1.243,0.0497,879.57,11.03
3310,4.3749,1.248,0.0498,878.98,10.94
3320,4.375,1.253,0.0498,878.45,10.91
3330,4.3909,1.258,0.05,877.9,10.88
3370,4.4266,1.263,0.0505,877.29,10.85
3360,4.4505,1.268,0.0508,876.74,10.77
3360,4.4346,1.273,0.0506,876.16,10.74
3450,4.4108,1.278,0.0504,875.61,10.72
3410,4.4227,1.283,0.0505,875.11,10.66
3330,4.4584,1.288,0.051,874.63,10.77
3270,4.4584,1.293,0.051,874.08,10.81
3180,4.4465,1.299,0.0509,873.52,10.81
3090,4.4346,1.305,0.0508,872.97,10.81
3040,4.4425,1.31,0.0509,872.39,10.75
3000,4.4505,1.316,0.051,871.81,10.81
2870,4.4663,1.321,0.0513,871.16,10.79
2770,4.4663,1.327,0.0513,870.6,10.92
2680,4.4584,1.332,0.0512,870.01,10.94
2590,4.51,1.338,0.0519,869.47,11.02
2440,4.5418,1.343,0.0523,868.9,11.04
2360,4.4862,1.349,0.0517,868.36,11.04
2310,4.5219,1.354,0.0521,867.8,10.98
2270,4.5299,1.359,0.0522,867.25,10.98
2240,4.5815,1.364,0.0529,866.73,10.96
2240,4.6688,1.371,0.0539,866.17,10.93
2240,4.6768,1.371,0.054,865.59,10.83
2240,4.6172,1.382,0.0534,864.99,10.8
2230,4.641,1.387,0.0537,864.43,10.76
2210,4.6887,1.392,0.0543,863.93,10.68
2190,4.7284,1.398,0.0548,863.36,10.67
2190,4.7204,1.405,0.0547,862.73,10.65
2190,4.6887,1.411,0.0544,862.09,10.56
2180,4.6887,1.416,0.0544,861.49,10.54
2170,4.6807,1.421,0.0544,860.91,10.51
2170,4.7045,1.426,0.0547,860.36,10.48
2170,4.7403,1.426,0.0551,859.8,10.4
2210,4.7522,1.438,0.0553,859.16,10.37
2130,4.7047,1.443,0.0548,858.64,10.37
2090,4.7325,1.447,0.0552,858.1,10.36
2050,4.7247,1.453,0.0551,857.56,10.3
2050,4.7806,1.458,0.0558,856.99,10.28
2030,4.7892,1.464,0.0559,856.37,10.26
2030,4.7896,1.469,0.056,855.86,10.23
2010,4.7421,1.474,0.0554,855.32,10.23
1980,4.7898,1.479,0.056,854.83,10.17
1950,4.7938,1.479,0.0561,854.29,10.21
1940,4.8176,1.49,0.0564,853.74,10.15
1930,4.782,1.496,0.0561,853.16,10.13
1900,4.786,1.502,0.0561,852.56,10.06
1910,4.7741,1.508,0.056,851.97,10.05
1890,4.786,1.514,0.0562,851.32,10.04
1910,4.7899,1.519,0.0563,850.75,10.05
1890,4.8058,1.524,0.0565,850.23,10.05
1850,4.8336,1.53,0.0569,849.71,9.97
1850,4.8456,1.536,0.0571,849.13,9.99
1860,4.8217,1.536,0.0568,848.55,9.91
1850,4.8098,1.546,0.0567,847.97,9.88
1840,4.7899,1.551,0.0565,847.46,9.82
1790,4.8336,1.556,0.0571,846.99,9.84
1780,4.8972,1.561,0.0579,846.5,9.89
1750,4.917,1.568,0.0581,845.89,9.85
1730,4.8853,1.573,0.0578,845.34,9.88
1700,4.8694,1.578,0.0576,844.76,9.96
1640,4.8694,1.583,0.0577,844.21,9.91
1590,4.8932,1.589,0.058,843.68,9.91
1580,4.9448,1.589,0.0586,843.14,10
1620,4.921,1.599,0.0584,842.54,10.07
1620,4.9409,1.605,0.0587,842.03,10.08
1580,4.9766,1.61,0.0591,841.55,10
1590,4.9885,1.616,0.0593,841.02,9.93
1570,5.0402,1.622,0.06,840.47,9.91
1580,5.0163,1.628,0.0597,839.87,9.87
1580,4.9806,1.634,0.0593,839.2,9.85
1560,4.9806,1.639,0.0594,838.64,9.78
1560,5.0203,1.644,0.0599,838.09,9.75
1550,5.0799,1.644,0.0607,837.56,9.71
1550,5.1236,1.656,0.0612,836.98,9.63
1530,5.1355,1.662,0.0614,836.36,9.61
1520,5.0481,1.668,0.0604,835.74,9.6
1500,5.0719,1.673,0.0607,835.17,9.58
1500,5.0481,1.678,0.0605,834.6,9.59
1470,5.0839,1.684,0.061,834.08,9.5
1480,5.1395,1.691,0.0617,833.55,9.48
1460,5.1474,1.697,0.0618,832.85,9.45
1450,5.0799,1.704,0.061,832.21,9.36
1490,5.0878,1.704,0.0612,831.62,9.35
1550,5.0997,1.714,0.0614,831.03,9.32
1560,5.1474,1.719,0.062,830.45,9.3
1520,5.199,1.726,0.0626,829.89,9.29
1470,5.1913,1.732,0.0626,829.31,9.28
1450,5.1436,1.738,0.0621,828.73,9.21
1430,5.0999,1.743,0.0616,828.15,9.19
1430,5.1317,1.748,0.062,827.63,9.14
1360,5.1754,1.754,0.0626,827.09,9.11
1330,5.2151,1.761,0.0631,826.51,9.08
1310,5.2191,1.761,0.0632,825.81,9.02
1290,5.2111,1.774,0.0631,825.21,9.08
1290,5.1833,1.78,0.0629,824.68,9.02
1310,5.1873,1.785,0.0629,824.09,8.99
1310,5.2111,1.791,0.0633,823.55,8.92
1320,5.231,1.798,0.0636,822.98,8.88
1290,5.2508,1.805,0.0639,822.32,8.85
1300,5.227,1.811,0.0636,821.65,8.76
1270,5.1913,1.816,0.0632,821.02,8.73
1220,5.223,1.822,0.0637,820.41,8.71
1250,5.223,1.822,0.0637,819.77,8.66
1230,5.2747,1.833,0.0644,819.14,8.63
1290,5.3104,1.841,0.0649,818.49,8.67
1340,5.3223,1.848,0.0651,817.87,8.69
1330,5.2667,1.854,0.0644,817.24,8.69
1340,5.2548,1.86,0.0643,816.69,8.69
1340,5.2032,1.865,0.0638,816.12,8.6
1310,5.2628,1.871,0.0645,815.55,8.58
1310,5.3065,1.877,0.0651,814.88,8.48
1300,5.2469,1.877,0.0644,814.24,8.45
1330,5.231,1.883,0.0643,813.65,8.42
1300,5.227,1.895,0.0643,813.19,8.4
1290,5.223,1.895,0.0643,812.69,8.3
1290,5.2191,1.901,0.0643,812.11,8.22
1290,5.2667,1.907,0.0649,811.54,8.19
1310,5.2747,1.913,0.065,810.94,8.17
1290,5.227,1.919,0.0645,810.36,8.1
1310,5.2667,1.925,0.065,809.8,8.04
1290,5.2429,1.931,0.0648,809.14,7.99
1310,5.2469,1.938,0.0649,808.49,7.91
1320,5.2588,1.945,0.0651,807.74,7.89
1340,5.2111,1.952,0.0646,807.1,7.8
1350,5.1913,1.959,0.0644,806.49,7.68
1390,5.1476,1.965,0.0639,805.85,7.64
1440,5.1636,1.97,0.0641,805.2,7.67
1430,5.2073,1.976,0.0647,804.64,7.59
1440,5.1795,1.983,0.0644,804.06,7.54
1400,5.132,1.99,0.0639,803.45,7.45
1430,5.1046,1.996,0.0636,802.83,7.37
1460,5.1009,2.002,0.0636,802.24,7.36
1480,5.1334,2.008,0.064,801.69,7.32
1500,5.1337,2.015,0.0641,801.1,7.22
1490,5.0464,2.022,0.063,800.46,7.16
1490,5.0782,2.028,0.0635,799.75,7.08
1480,5.0504,2.035,0.0632,799.05,7.06
1490,5.0067,-5,0.0627,798.42,7.06
1470,5.0226,2.028,0.063,797.81,6.96
1480,5.0425,2.035,0.0633,797.14,6.93
1500,5.0385,2.041,0.0633,796.48,6.9
1490,4.9829,2.047,0.0626,795.87,6.81
1500,4.963,2.053,0.0624,795.29,6.79
1520,4.963,2.067,0.0625,794.71,6.7
1500,4.9709,2.073,0.0626,794.15,6.67
1520,4.967,2.079,0.0626,793.54,6.57
1530,4.9431,2.085,0.0623,792.9,6.53
1520,4.9193,2.092,0.0621,792.3,6.48
1520,4.9272,2.099,0.0622,791.71,6.41
1530,4.9074,2.106,0.062,791.11,6.32
1530,4.8875,2.112,0.0618,790.51,6.27
1540,4.8676,2.118,0.0616,789.87,6.24
1550,4.8676,2.124,0.0617,789.19,6.16
1580,4.8478,2.131,0.0615,788.54,6.14
1550,4.8597,2.137,0.0617,787.99,6.13
1530,4.8478,2.143,0.0616,787.45,6.05
1520,4.8358,2.149,0.0615,786.84,5.96
1520,4.8319,2.155,0.0615,786.23,5.99
1500,4.812,2.161,0.0613,785.62,5.94
1450,4.7961,2.168,0.0611,784.97,5.85
1430,4.8001,2.175,0.0612,784.28,5.9
1430,4.8239,2.182,0.0616,783.71,5.91
1430,4.82,2.188,0.0616,783.06,5.95
1470,4.8122,2.195,0.0615,782.45,6.07
1460,4.7645,2.202,0.0609,781.84,6.09
1450,4.7406,2.208,0.0607,781.21,6.09
1450,4.7486,2.215,0.0608,780.69,6.19
1440,4.7883,2.222,0.0614,780.09,6.12
1440,4.8122,2.227,0.0617,779.5,6.06
1420,4.7724,2.233,0.0613,778.9,5.97
1430,4.7287,2.233,0.0608,778.26,5.91
1420,4.7049,2.246,0.0605,777.66,5.93
1420,4.7327,2.252,0.0609,777.11,5.85
1430,4.7486,2.258,0.0612,776.43,5.75
1420,4.7406,2.264,0.0611,775.82,5.78
1420,4.7128,2.264,0.0608,775.16,5.78
1380,4.6771,2.27,0.0604,774.47,5.71
1370,4.6214,2.277,0.0597,773.85,5.72
1340,4.6333,2.285,0.0599,773.18,5.66
1340,4.6572,2.292,0.0603,772.59,5.65
1330,4.6413,2.298,0.0601,772.05,5.63
1320,4.6651,2.303,0.0605,771.49,5.54
1330,4.6294,2.309,0.0601,770.9,5.52
1350,4.6135,2.321,0.0599,770.33,5.52
1380,4.6294,2.327,0.0601,769.73,5.55
1400,4.5817,2.327,0.0596,769.16,5.53
1420,4.5539,2.333,0.0593,768.57,5.47
1440,4.5618,2.339,0.0594,767.93,5.44
1460,4.5698,2.347,0.0596,767.27,5.43
1490,4.5698,2.354,0.0596,766.69,5.41
1480,4.5618,2.361,0.0595,766.1,5.39
1490,4.534,2.367,0.0592,765.49,5.32
1490,4.53,2.373,0.0592,764.84,5.24
1500,4.5261,2.387,0.0592,764.19,5.23
1490,4.5221,2.393,0.0592,763.57,5.23
1490,4.5499,2.393,0.0596,763.03,5.21
1480,4.53,2.399,0.0594,762.46,5.16
1460,4.5102,2.405,0.0592,761.87,5.13
1440,4.4625,2.411,0.0586,761.26,5.11
1450,4.4904,2.417,0.059,760.67,5
1450,4.4547,2.423,0.0586,760.09,4.89
1440,4.4586,2.43,0.0587,759.48,4.88
1430,4.4229,2.437,0.0583,758.81,4.95
1430,4.4269,2.45,0.0584,758.25,4.84
1430,4.4149,2.457,0.0583,757.65,4.87
1410,4.3951,2.457,0.0581,757.04,4.8
1400,4.4428,2.47,0.0587,756.5,4.8
1410,4.411,2.476,0.0584,755.88,4.77
1390,4.3514,2.481,0.0576,755.31,4.77
1390,4.3196,2.487,0.0572,754.78,4.75
1400,4.2759,2.493,0.0567,754.17,4.73
1380,4.248,2.5,0.0564,753.66,4.71
1380,4.2441,2.506,0.0564,753.08,4.62
1390,4.2282,2.512,0.0562,752.5,4.55
1370,4.1646,2.518,0.0554,751.95,4.5
1370,4.1527,2.524,0.0553,751.31,4.42
1350,4.1328,2.531,0.0551,750.71,4.41
1360,4.1248,2.538,0.055,750.2,4.35
1340,4.1288,2.544,0.0551,749.66,4.24
1330,4.1288,2.549,0.0551,749.08,4.22
1330,4.1328,2.554,0.0552,748.54,4.23
1320,4.101,2.56,0.0548,747.99,4.13
1310,4.0334,2.566,0.054,747.43,4.09
1330,3.9699,2.572,0.0532,746.86,4.02
1320,3.9937,2.58,0.0535,746.29,4
1310,3.9699,2.587,0.0532,745.73,3.96
1310,3.9579,2.593,0.0531,745.2,3.86
1320,3.9778,2.599,0.0534,744.62,3.78
1330,3.9619,2.604,0.0532,744.03,3.79
1320,3.9142,2.609,0.0526,743.53,3.71
1330,3.9103,2.616,0.0526,742.95,3.62
1340,3.8904,2.623,0.0524,742.35,3.6
1320,3.8905,2.63,0.0524,741.84,3.57
1320,3.8867,2.636,0.0524,741.31,3.49
1310,3.8788,2.641,0.0524,740.74,3.41
1310,3.8553,2.647,0.0521,740.22,3.39
1330,3.8354,2.653,0.0519,739.62,3.28
1310,3.8355,2.659,0.0519,739.02,3.22
1320,3.8199,2.666,0.0517,738.43,3.17
1310,3.8122,2.672,0.0517,737.83,3.07
1300,3.7886,2.678,0.0514,737.19,3.06
1300,3.7846,2.685,0.0514,736.59,3.04
1300,3.741,2.691,0.0508,736.06,2.96
1300,3.7092,2.698,0.0504,735.49,2.95
1290,3.7529,2.705,0.0511,734.99,2.91
1320,3.7648,2.71,0.0513,734.42,2.83
1310,3.7569,2.715,0.0512,733.89,2.77
1320,3.733,2.721,0.0509,733.33,2.73
1320,3.7131,2.727,0.0507,732.83,2.71
1330,3.729,2.733,0.0509,732.34,2.68
1330,3.7529,2.739,0.0513,731.75,2.74
1290,3.7251,2.745,0.0509,731.21,2.8
1270,3.6972,2.751,0.0506,730.71,2.75
1260,3.7012,2.758,0.0507,730.21,2.74
1230,3.6972,2.764,0.0507,729.7,2.68
1200,3.6893,2.769,0.0506,729.17,2.68
1150,3.7052,2.774,0.0508,728.66,2.65
1100,3.7131,2.78,0.051,728.09,2.62
1050,3.6972,2.785,0.0508,727.51,2.61
1030,3.6853,2.791,0.0507,727,2.66
958,3.6734,2.798,0.0506,726.54,2.66
939,3.6813,2.803,0.0507,726.12,2.61
903,3.729,2.808,0.0514,725.63,2.6
875,3.733,2.813,0.0515,725.06,2.54
858,3.729,2.818,0.0515,724.5,2.5
835,3.7012,2.825,0.0511,724,2.45
838,3.6972,2.832,0.0511,723.52,2.43
823,3.6972,2.838,0.0511,723.02,2.42
801,3.741,2.844,0.0518,722.49,2.44
786,3.7688,2.849,0.0522,722.04,2.39
778,3.7529,2.854,0.052,721.51,2.38
770,3.733,2.86,0.0518,721.06,2.36
752,3.7569,2.865,0.0521,720.57,2.28
742,3.7807,2.871,0.0525,720.05,2.28
727,3.7688,2.877,0.0524,719.61,2.21
723,3.7847,2.883,0.0526,719.05,2.26
705,3.7927,2.888,0.0528,718.57,2.18
687,3.8007,2.894,0.0529,718.03,2.16
673,3.8007,2.899,0.053,717.55,2.12
670,3.7968,2.906,0.053,717.02,2.09
665,3.7968,2.912,0.053,716.45,2.07
648,3.8246,2.918,0.0534,715.9,2.05
651,3.8564,2.923,0.0539,715.41,1.99
652,3.8484,2.928,0.0538,714.9,1.99
636,3.8286,2.934,0.0536,714.36,1.93
618,3.8564,2.94,0.054,713.84,1.93
628,3.8524,2.946,0.054,713.33,1.89
607,3.8524,2.952,0.054,712.79,1.91
624,3.8484,2.958,0.054,712.33,1.84
607,3.8564,2.965,0.0542,711.84,1.89
607,3.8683,2.971,0.0544,711.4,1.81
598,3.8922,2.976,0.0547,710.93,1.75
621,3.9041,2.98,0.055,710.41,1.71
615,3.8802,2.985,0.0547,709.89,1.64
605,3.8604,2.991,0.0544,709.31,1.62
608,3.8484,2.998,0.0543,708.85,1.61
614,3.8683,3.005,0.0546,708.37,1.58
597,3.9041,3.011,0.0552,707.86,1.56
571,3.912,3.016,0.0553,707.36,1.45
554,3.8683,3.021,0.0547,706.8,1.43
550,3.8524,3.027,0.0545,706.23,1.35
530,3.8484,3.034,0.0545,705.73,1.34
529,3.8802,3.039,0.055,705.24,1.24
541,3.8842,3.044,0.0551,704.69,1.23
527,3.8604,3.05,0.0548,704.17,1.14
554,3.8325,3.056,0.0545,703.66,1.12
573,3.8047,3.062,0.0541,703.16,1.04
577,3.8246,3.069,0.0544,702.67,1.08
588,3.8405,3.074,0.0547,702.18,0.94
592,3.8206,3.079,0.0545,701.61,0.95
595,3.7848,3.086,0.054,701.07,0.9
591,3.7769,3.092,0.0539,700.55,0.82
592,3.7649,3.098,0.0538,700.05,0.84
576,3.7888,3.104,0.0542,699.63,0.72
569,3.8286,3.109,0.0548,699.09,0.69
585,3.8484,3.114,0.0551,698.57,0.66
574,3.8365,3.12,0.055,697.98,0.59
552,3.8088,3.127,0.0546,697.43,0.52
537,3.7531,3.134,0.0539,696.89,0.49
514,3.7293,3.142,0.0536,696.4,0.45
519,3.7571,3.148,0.054,695.94,0.45
530,3.773,3.152,0.0543,695.47,0.39
540,3.7651,3.156,0.0542,694.99,0.32
551,3.7293,3.161,0.0537,694.48,0.25
557,3.6935,3.167,0.0532,694.01,0.23
560,3.7054,3.173,0.0534,693.49,0.2
551,3.7213,3.179,0.0537,693.09,0.14
548,3.7253,3.185,0.0538,692.6,0.1
563,3.7333,3.19,0.0539,692.05,0.01
556,3.7293,3.196,0.0539,691.56,0
546,3.6935,3.202,0.0534,691.06,-0.06
524,3.6935,3.209,0.0535,690.53,-0.01
459,3.6816,3.215,0.0533,690.08,-0.03
360,3.7174,3.221,0.0539,689.52,-0.05
292,3.7253,3.226,0.0541,689.03,-0.08
232,3.7213,3.231,0.054,688.54,-0.08
200,3.7531,3.237,0.0546,687.95,-0.13
191,3.7969,3.244,0.0552,687.42,-0.14
155,3.8128,3.25,0.0555,686.96,-0.2
138,3.8645,3.257,0.0563,686.41,-0.25
122,3.9241,3.263,0.0572,685.94,-0.2
106,3.9082,3.268,0.057,685.38,-0.19
96.2,3.9042,3.273,0.057,684.85,-0.16
75.2,3.9161,3.28,0.0572,684.36,-0.13
66.1,4.0076,3.287,0.0586,683.99,-0.19
56.4,4.1229,3.292,0.0603,683.45,-0.21
51.8,4.1825,3.297,0.0612,682.93,-0.27
47.4,4.1984,3.303,0.0615,682.45,-0.27
50.8,4.2859,3.31,0.0628,682.02,-0.32
46.3,4.3813,3.316,0.0643,681.52,-0.37
46.3,4.4211,3.321,0.0649,680.98,-0.38
40.9,4.5324,3.327,0.0666,680.46,-0.44
33,4.5364,3.333,0.0667,679.89,-0.48
36.5,4.5761,3.339,0.0674,679.34,-0.48
32.2,4.6318,3.346,0.0682,678.86,-0.48
42.7,4.6755,3.352,0.0689,678.36,-0.47
48.8,4.7433,3.358,0.07,677.82,-0.48
49.4,4.787,3.364,0.0707,677.2,-0.55
52.1,4.795,3.37,0.0709,676.66,-0.55
55.5,4.7751,3.377,0.0706,676.16,-0.57
60.7,4.795,3.384,0.071,675.57,-0.58
57.2,4.779,3.391,0.0708,675.04,-0.59
52.7,4.8148,3.397,0.0714,674.57,-0.64
52.8,4.8983,3.403,0.0727,674.06,-0.64
42.3,4.9063,3.414,0.0729,672.99,-0.71
47.5,4.9103,3.421,0.073,672.46,-0.7
33.6,4.8983,3.428,0.0729,671.98,-0.73
32.8,4.9222,3.434,0.0733,671.46,-0.74
30.1,4.9898,3.441,0.0744,670.99,-0.77
29.2,5.0693,3.446,0.0756,670.54,-0.83
24.8,5.109,3.45,0.0762,670.08,-0.89
36.8,5.0812,3.455,0.0759,669.61,-0.87
23.9,5.113,3.468,0.0764,669.11,-0.95
23.9,5.109,3.468,0.0764,668.57,-0.93
29.8,5.117,3.474,0.0766,668.08,-0.96
23.9,5.1289,3.48,0.0768,667.56,-0.98
33.3,5.1806,3.485,0.0777,667.09,-0.97
29.8,5.2681,3.49,0.079,666.68,-1.01
27.2,5.288,3.495,0.0794,666.18,-1.02
36.6,5.2601,3.5,0.079,665.7,-1.05
33.1,5.2601,3.506,0.0791,665.16,-1.09
57.9,5.284,3.512,0.0795,664.67,-1.06
74.1,5.3078,3.525,0.0799,664.22,-1.06
96.1,5.3516,3.525,0.0806,663.76,-1.08
117,5.3993,3.53,0.0814,663.3,-1.15
159,5.3754,3.536,0.0811,662.8,-1.16
192,5.3595,3.543,0.0809,662.25,-1.18
218,5.3715,3.55,0.0812,661.72,-1.25
233,5.3715,3.556,0.0812,661.24,-1.27
262,5.4112,3.562,0.0819,660.82,-1.34
272,5.443,3.568,0.0824,660.31,-1.37
304,5.4351,3.573,0.0824,659.79,-1.42
335,5.3913,3.585,0.0818,659.23,-1.5
335,5.4432,3.585,0.0826,658.7,-1.51
338,5.4233,3.591,0.0824,658.21,-1.55
344,5.4671,3.597,0.0831,657.78,-1.62
358,5.483,3.603,0.0834,657.26,-1.71
349,5.483,3.609,0.0835,656.76,-1.73
354,5.4114,3.615,0.0825,656.26,-1.79
337,5.4313,3.622,0.0828,655.73,-1.82
320,5.4432,3.629,0.0831,655.25,-1.88
327,5.4869,3.635,0.0838,654.81,-1.9
330,5.5187,3.646,0.0843,654.32,-1.99
342,5.4989,3.646,0.0841,653.75,-2.07
346,5.4432,3.652,0.0833,653.19,-2.1
344,5.4273,3.659,0.0831,652.72,-2.13
355,5.4472,3.666,0.0835,652.21,-2.19
350,5.4432,3.671,0.0835,651.69,-2.25
338,5.4671,3.676,0.0839,651.24,-2.32
351,5.475,3.681,0.0841,650.74,-2.38
352,5.4273,3.686,0.0835,650.23,-2.45
367,5.4671,3.693,0.0841,649.77,-2.5
371,5.471,3.707,0.0843,649.28,-2.53
373,5.4551,3.707,0.0841,648.82,-2.56
386,5.4551,3.713,0.0841,648.35,-2.61
379,5.483,3.719,0.0846,647.81,-2.72
376,5.475,3.725,0.0846,647.3,-2.76
390,5.4432,3.732,0.0842,646.78,-2.83
401,5.3995,3.738,0.0836,646.21,-2.85
405,5.475,3.744,0.0848,645.78,-2.92
423,5.4432,3.75,0.0844,645.25,-2.98
434,5.4114,3.755,0.0839,644.78,-3.05
451,5.4114,3.768,0.084,644.26,-3.13
475,5.3637,3.768,0.0833,643.76,-3.12
514,5.3875,3.774,0.0838,643.27,-3.2
531,5.3995,3.78,0.084,642.79,-3.24
552,5.3438,3.786,0.0832,642.25,-3.35
553,5.2603,3.792,0.082,641.68,-3.4
561,5.2603,3.8,0.082,641.2,-3.46
567,5.2404,3.807,0.0818,640.65,-3.5
574,5.2325,3.813,0.0817,640.14,-3.58
566,5.2366,3.819,0.0819,639.68,-3.62
555,5.2684,3.83,0.0824,639.13,-3.69
547,5.2008,3.83,0.0814,638.61,-3.75
551,5.173,3.836,0.0811,638.06,-3.78
550,5.1332,3.843,0.0805,637.57,-3.87
550,5.0895,3.849,0.0799,637.06,-3.93
575,5.0895,3.856,0.08,636.57,-3.97
569,5.0855,3.869,0.08,635.49,-4.11
581,5.0537,3.875,0.0796,634.91,-4.13
577,5.002,3.882,0.0788,634.42,-4.21
584,4.9782,3.896,0.0785,633.9,-4.28
578,4.9782,3.896,0.0786,633.46,-4.31
584,5.006,3.902,0.0791,632.97,-4.36
592,5.006,3.907,0.0791,632.52,-4.38
603,4.9702,3.913,0.0786,632.1,-4.45
599,4.9424,3.919,0.0782,631.62,-4.48
602,4.9185,3.925,0.0779,631.11,-4.54
604,4.8867,3.937,0.0776,630.05,-4.66
606,4.8549,3.944,0.0771,629.6,-4.72
612,4.8271,3.957,0.0767,629.11,-4.77
602,4.7833,3.957,0.0761,628.59,-4.75
593,4.7794,3.963,0.0761,628.14,-4.78
585,4.7555,3.969,0.0758,627.71,-4.87
569,4.7714,3.974,0.0761,627.27,-4.89
568,4.7714,3.979,0.0761,626.83,-4.92
538,4.8151,3.984,0.0769,626.39,-5.02
523,4.8072,3.989,0.0768,625.91,-5.07
502,4.7992,3.995,0.0767,625.5,-5.09
507,4.8072,4.001,0.0769,625.01,-5.16
504,4.835,4.013,0.0774,624.51,-5.22
487,4.8788,4.013,0.0782,624.01,-5.25
473,4.847,4.019,0.0777,623.52,-5.31
458,4.8748,4.026,0.0783,622.96,-5.42
453,4.839,4.032,0.0777,622.49,-5.45
447,4.863,4.045,0.0782,621.52,-5.55
433,4.9664,4.051,0.08,621,-5.63
437,4.9346,4.057,0.0795,620.43,-5.7
441,4.9187,4.064,0.0793,619.91,-5.78
437,4.9306,4.079,0.0796,619.35,-5.84
431,4.9068,4.079,0.0793,618.8,-5.89
432,4.9664,4.086,0.0803,618.32,-5.95
427,4.9942,4.091,0.0808,617.76,-6.06
437,4.9903,4.097,0.0808,617.25,-6.08
424,4.9982,4.104,0.081,616.8,-6.15
429,4.9942,4.111,0.081,616.29,-6.22
419,5.0738,4.111,0.0824,615.75,-6.25
420,5.1135,4.122,0.0831,615.26,-6.32
417,5.0579,4.128,0.0823,614.8,-6.38
413,5.0579,4.142,0.0823,614.32,-6.43
425,5.0499,4.142,0.0823,613.79,-6.47
410,5.0738,4.149,0.0827,613.37,-6.49
410,5.1056,4.154,0.0833,612.97,-6.57
392,5.1414,4.16,0.0839,612.5,-6.62
392,5.201,4.165,0.085,612,-6.65
380,5.1652,4.171,0.0845,611.51,-6.71
382,5.1056,4.178,0.0835,611.1,-6.72
376,5.1056,4.185,0.0836,610.66,-6.79
378,5.1612,4.191,0.0846,610.15,-6.83
400,5.205,4.201,0.0854,609.74,-6.86
423,5.2129,4.201,0.0856,609.31,-6.94
470,5.1891,4.207,0.0852,608.88,-6.97
514,5.1652,4.213,0.0849,608.4,-7
548,5.1612,4.219,0.0849,607.96,-7.07
580,5.2169,4.225,0.0859,607.51,-7.12
615,5.1811,4.23,0.0854,607.04,-7.17
643,5.1453,4.237,0.0848,606.52,-7.27
672,5.0897,4.243,0.084,606.05,-7.28
700,5.03,4.249,0.0831,605.6,-7.31
714,5.038,4.261,0.0833,604.6,-7.47
714,4.9467,4.267,0.0819,604.06,-7.53
714,4.8552,4.274,0.0804,603.6,-7.54
716,4.8274,4.274,0.08,603.16,-7.6
711,4.8274,4.287,0.0801,602.71,-7.67
727,4.8115,4.292,0.0799,602.24,-7.67
755,4.7717,4.297,0.0793,601.78,-7.7
775,4.7081,4.303,0.0783,601.33,-7.75
791,4.6484,4.31,0.0774,600.87,-7.81
793,4.6405,4.321,0.0773,600.42,-7.84
783,4.6564,4.321,0.0776,599.97,-7.91
781,4.5848,4.327,0.0765,599.5,-7.93
778,4.561,4.333,0.0761,599.01,-7.99
747,4.5252,4.346,0.0757,598.09,-8.07
736,4.5331,4.352,0.0758,597.66,-8.12
731,4.5013,4.358,0.0754,597.19,-8.19
730,4.4854,4.364,0.0752,596.67,-8.27
732,4.4337,4.37,0.0744,596.17,-8.35
730,4.3661,4.391,0.0734,594.7,-8.5
730,4.3621,4.396,0.0734,594.26,-8.56
740,4.3701,4.402,0.0736,593.83,-8.59
737,4.3621,4.408,0.0735,593.35,-8.65
736,4.3383,4.414,0.0732,592.91,-8.72
744,4.3025,4.419,0.0726,592.49,-8.79
748,4.3025,4.425,0.0727,592.02,-8.81
761,4.2747,4.43,0.0723,591.57,-8.84
754,4.2468,4.442,0.0718,591.12,-8.89
749,4.2309,4.442,0.0716,590.67,-8.95
751,4.2031,4.448,0.0712,590.29,-8.97
749,4.1872,4.448,0.071,589.91,-8.97
732,4.1912,4.458,0.0711,589.5,-9.03
709,4.1872,4.463,0.0711,589.09,-9.08
699,4.1633,4.468,0.0707,588.7,-9.1
691,4.1633,4.474,0.0708,588.25,-9.16
675,4.1912,4.479,0.0713,587.84,-9.22
666,4.1713,4.485,0.071,587.41,-9.28
658,4.1476,4.497,0.0707,586.98,-9.34
650,4.1396,4.497,0.0706,586.55,-9.39
638,4.1356,4.503,0.0706,586.15,-9.44
622,4.1794,4.509,0.0714,585.75,-9.46
610,4.2271,4.514,0.0722,585.29,-9.55
596,4.243,4.519,0.0726,584.82,-9.57
587,4.2191,4.525,0.0722,584.39,-9.6
590,4.1873,4.531,0.0717,583.94,-9.65
576,4.1873,4.538,0.0718,583.57,-9.7
567,4.2271,4.543,0.0725,583.18,-9.74
562,4.2907,4.553,0.0736,582.71,-9.77
579,4.2907,4.553,0.0737,582.26,-9.8
607,4.235,4.559,0.0728,581.8,-9.83
621,4.2072,4.565,0.0724,581.39,-9.89
624,4.1873,4.571,0.0721,581.03,-9.92
612,4.1992,4.576,0.0723,580.62,-9.96
588,4.2112,4.581,0.0726,580.18,-10.01
573,4.2112,4.586,0.0726,579.71,-10.07
561,4.1476,4.592,0.0716,579.26,-10.13
553,4.1356,4.599,0.0714,578.82,-10.18
563,4.1436,4.612,0.0716,578.31,-10.2
554,4.1595,4.612,0.072,577.93,-10.25
564,4.1476,4.612,0.0718,577.47,-10.29
555,4.1277,4.624,0.0715,576.97,-10.34
540,4.1316,4.63,0.0717,576.5,-10.35
528,4.1078,4.636,0.0713,576.06,-10.4
517,4.0919,4.642,0.0711,575.58,-10.43
514,4.0959,4.648,0.0712,575.19,-10.45
505,4.1118,4.653,0.0715,574.78,-10.51
503,4.1157,4.658,0.0717,574.36,-10.54
505,4.1237,4.67,0.0719,573.45,-10.64
510,4.0998,4.676,0.0716,572.99,-10.69
517,4.0203,4.688,0.0703,572.05,-10.79
538,3.9964,4.695,0.0699,571.61,-10.83
568,3.9925,4.701,0.0699,571.17,-10.89
568,4.0006,4.714,0.0702,570.24,-10.98
588,3.9767,4.721,0.0698,569.77,-11.05
600,3.9568,4.734,0.0695,569.34,-11.08
615,3.9648,4.734,0.0697,568.89,-11.13
622,3.9966,4.74,0.0703,568.44,-11.19
610,4.0204,4.745,0.0708,567.99,-11.21
614,4.0006,4.751,0.0705,567.52,-11.26
620,3.9926,4.756,0.0704,567.06,-11.3
625,3.9767,4.762,0.0702,566.62,-11.37
630,3.9528,4.768,0.0698,566.17,-11.43
685,4.0244,4.781,0.0712,565.33,-11.51
713,4.0045,4.792,0.0709,564.84,-11.55
726,4.0006,4.792,0.0709,564.37,-11.58
733,4.0125,4.798,0.0712,563.9,-11.64
741,4.0165,4.805,0.0713,563.47,-11.69
751,4.0324,4.811,0.0716,563.04,-11.71
757,4.0324,4.816,0.0717,562.63,-11.73
772,4.0562,4.822,0.0722,562.18,-11.75
766,4.096,4.829,0.0729,561.71,-11.77
765,4.1039,4.835,0.0731,561.32,-11.83
759,4.1238,4.841,0.0735,560.92,-11.88
753,4.1437,4.841,0.0739,560.44,-11.94
753,4.1715,4.854,0.0745,559.97,-11.99
755,4.1954,4.86,0.075,559.52,-12.06
746,4.2232,4.866,0.0755,559.01,-12.14
749,4.2153,4.872,0.0755,558.53,-12.17
737,4.2073,4.879,0.0754,558.07,-12.22
732,4.1715,4.885,0.0748,557.55,-12.28
733,4.1994,4.892,0.0754,557.07,-12.33
739,4.1715,4.899,0.0749,556.6,-12.34
764,4.1914,4.906,0.0754,556.1,-12.37
777,4.1715,4.92,0.0751,555.59,-12.39
802,4.1835,4.92,0.0754,555.15,-12.43
816,4.2113,4.927,0.0759,554.74,-12.44
833,4.2352,4.933,0.0764,554.33,-12.47
850,4.2671,4.938,0.077,553.95,-12.5
860,4.3308,4.943,0.0782,553.59,-12.53
858,4.3785,4.947,0.0791,553.21,-12.62
871,4.3705,4.952,0.0791,552.77,-12.64
866,4.3944,4.952,0.0796,552.33,-12.65
868,4.4063,4.964,0.0798,551.89,-12.69
870,4.466,4.977,0.081,551.46,-12.73
872,4.5495,4.977,0.0826,551.01,-12.78
867,4.5574,4.983,0.0828,550.57,-12.85
870,4.5654,4.989,0.083,550.13,-12.92
868,4.5733,4.996,0.0832,549.71,-12.97
865,4.6529,5.002,0.0847,549.3,-13.02
867,4.7046,5.008,0.0857,548.83,-13.08
867,4.6807,5.013,0.0854,548.33,-13.13
869,4.6728,5.02,0.0853,547.82,-13.16
872,4.6887,5.027,0.0856,547.45,-13.18
881,4.7523,5.039,0.0869,547.07,-13.22
880,4.8199,5.039,0.0882,546.72,-13.29
878,4.9074,5.044,0.0898,546.36,-13.35
881,4.9591,5.049,0.0908,545.91,-13.42
876,4.9392,5.055,0.0906,545.45,-13.47
876,4.9074,5.062,0.09,545.01,-13.52
876,4.8835,5.068,0.0897,544.6,-13.57
874,4.9193,5.074,0.0904,544.17,-13.62
856,4.9989,5.08,0.0919,543.7,-13.61
840,5.0466,5.086,0.0929,543.2,-13.65
823,5.0506,5.098,0.0931,542.72,-13.75
813,5.0307,5.098,0.0928,542.28,-13.79
798,5.0665,5.106,0.0935,541.84,-13.8
770,5.0983,5.113,0.0942,541.38,-13.82
761,5.0665,5.119,0.0937,540.92,-13.86
752,5.0307,5.125,0.0931,540.47,-13.91
746,4.979,5.131,0.0922,540.06,-14.01
739,5.0148,5.138,0.0929,539.58,-14.07
735,5.0187,5.144,0.0931,539.1,-14.15
734,5.0187,5.144,0.0932,538.65,-14.18
715,4.9712,5.164,0.0924,538.17,-14.25
717,4.9712,5.164,0.0924,537.73,-14.31
699,4.9672,5.17,0.0924,537.3,-14.35
689,4.9911,5.176,0.093,536.87,-14.42
685,4.9951,5.182,0.0931,536.44,-14.45
678,4.9911,5.188,0.0931,535.94,-14.53
665,4.9553,5.195,0.0925,535.45,-14.59
653,4.9394,5.202,0.0923,534.96,-14.63
593,4.9195,5.202,0.0921,533.9,-14.64
570,4.9195,5.234,0.0922,533.34,-14.7
558,4.8161,5.234,0.0904,532.86,-14.71
549,4.7841,5.242,0.0899,532.42,-14.74
541,4.804,5.248,0.0903,532.05,-14.79
526,4.808,5.253,0.0904,531.61,-14.85
508,4.7999,5.258,0.0904,531.15,-14.84
479,4.728,5.264,0.0891,530.72,-14.84
455,4.68,5.272,0.0883,530.3,-14.83
443,4.6637,5.278,0.088,529.87,-14.84
408,4.6316,5.284,0.0875,529.41,-14.85
384,4.6235,5.296,0.0874,528.95,-14.89
357,4.6274,5.296,0.0876,528.5,-14.91
329,4.5797,5.302,0.0867,527.98,-14.94
302,4.5041,5.309,0.0854,527.54,-14.96
282,4.4842,5.316,0.0851,527.08,-15.03
273,4.4564,5.322,0.0846,526.69,-15.07
253,4.4723,5.327,0.085,526.31,-15.12
241,4.4962,5.333,0.0855,525.89,-15.16
222,4.4445,5.339,0.0846,525.47,-15.19
204,4.3849,5.345,0.0835,525.03,-15.22
185,4.3531,5.358,0.083,524.61,-15.26
161,4.3054,5.364,0.0822,523.82,-15.34
152,4.2775,5.37,0.0817,523.39,-15.39
152,4.2697,5.376,0.0816,523.01,-15.44
142,4.2578,5.382,0.0815,522.58,-15.5
137,4.218,5.388,0.0808,522.16,-15.59
136,4.2021,5.394,0.0805,521.77,-15.62
130,4.1823,5.4,0.0802,521.32,-15.69
131,4.1584,5.406,0.0798,520.86,-15.72
129,4.1226,5.418,0.0792,520.44,-15.76
127,4.1186,5.418,0.0792,520.05,-15.81
126,4.1107,5.423,0.0791,519.66,-15.87
124,4.0789,5.429,0.0785,519.32,-15.91
127,4.0789,5.434,0.0786,518.92,-15.95
128,4.0352,5.439,0.0778,518.54,-15.96
122,3.9914,5.445,0.077,518.16,-15.98
127,3.9914,5.451,0.0771,517.73,-16.01
130,3.9835,5.457,0.077,517.28,-16.04
137,3.9517,5.463,0.0764,516.9,-16.08
154,3.9159,5.476,0.0759,516.09,-16.1
158,3.8801,5.482,0.0752,515.69,-16.15
169,3.8563,5.487,0.0748,515.3,-16.2
174,3.8443,5.493,0.0747,514.86,-16.27
182,3.8245,5.499,0.0743,514.42,-16.34
196,3.8165,5.505,0.0742,514.02,-16.35
205,3.8046,5.511,0.0741,513.67,-16.39
220,3.8165,5.517,0.0744,513.28,-16.45
234,3.8523,5.522,0.0751,512.89,-16.51
254,3.8642,5.533,0.0754,512.46,-16.55
266,3.8523,5.533,0.0752,512.05,-16.63
288,3.8443,5.54,0.0751,511.61,-16.68
304,3.8284,5.546,0.0749,511.21,-16.73
319,3.8086,5.553,0.0746,510.83,-16.77
335,3.7927,5.559,0.0743,510.49,-16.8
344,3.8125,5.564,0.0747,510.15,-16.83
347,3.8523,5.569,0.0756,509.79,-16.89
354,3.8761,5.574,0.0761,509.42,-16.91
354,3.9199,5.58,0.077,509.02,-16.97
354,3.9159,5.593,0.077,508.57,-17.02
343,3.8643,5.593,0.076,508.18,-17.06
337,3.8564,5.599,0.0759,507.85,-17.11
334,3.9319,5.605,0.0775,507.41,-17.15
325,3.9717,5.61,0.0783,506.95,-17.17
320,3.9359,5.615,0.0777,506.55,-17.25
321,3.9081,5.621,0.0772,506.17,-17.29
319,3.9041,5.628,0.0772,505.77,-17.34
318,3.9478,5.634,0.0781,505.36,-17.37
320,3.9558,5.639,0.0783,504.98,-17.45
329,3.9518,5.652,0.0783,504.58,-17.47
327,3.9637,5.652,0.0786,504.18,-17.53
330,3.9876,5.658,0.0791,503.82,-17.57
332,3.9955,5.664,0.0794,503.44,-17.62
329,4.0194,5.669,0.0799,503,-17.63
332,4.0393,5.676,0.0804,502.57,-17.69
328,4.0313,5.683,0.0803,502.11,-17.72
334,4.0353,5.689,0.0804,501.66,-17.76
337,4.0512,5.696,0.0808,501.23,-17.8
336,4.0552,5.702,0.081,500.84,-17.85
338,4.0989,5.713,0.0819,500.45,-17.85
333,4.1506,5.713,0.083,500.09,-17.9
337,4.1705,5.718,0.0835,499.71,-17.96
324,4.1546,5.723,0.0832,499.29,-17.99
316,4.1625,5.73,0.0834,498.84,-17.99
312,4.1506,5.736,0.0833,498.43,-17.97
305,4.1426,5.742,0.0832,498.07,-17.97
301,4.1506,5.749,0.0834,497.74,-18.01
295,4.1665,5.754,0.0838,497.38,-18.03
293,4.2062,5.759,0.0846,497,-18.05
300,4.2341,5.77,0.0853,496.62,-18.09
304,4.2102,5.77,0.0848,496.22,-18.12
311,4.1705,5.776,0.0841,495.83,-18.17
331,4.1148,5.783,0.0831,495.41,-18.21
343,4.1108,5.79,0.0831,494.98,-18.27
354,4.1266,5.797,0.0834,494.59,-18.34
360,4.1462,5.803,0.0839,494.2,-18.38
368,4.1537,5.807,0.0841,493.81,-18.45
386,4.1252,5.819,0.0837,492.94,-18.59
390,4.0577,5.833,0.0824,492.53,-18.66
399,4.0736,5.833,0.0828,492.13,-18.7
401,4.0617,5.839,0.0826,491.73,-18.76
405,4.0617,5.845,0.0827,491.32,-18.82
411,4.0577,5.851,0.0826,490.95,-18.89
418,4.0617,5.857,0.0828,490.54,-18.95
424,4.0497,5.863,0.0826,490.12,-19
426,4.0259,5.87,0.0822,489.66,-19.05
444,4.0378,5.877,0.0825,489.27,-19.11
488,4.0458,5.895,0.0828,488.46,-19.22
514,4.1014,5.895,0.084,488.05,-19.26
534,4.0776,5.902,0.0836,487.66,-19.33
548,4.0259,5.909,0.0826,487.26,-19.36
562,4.0617,5.915,0.0834,486.89,-19.4
570,4.0855,5.92,0.084,486.45,-19.42
574,4.0736,5.925,0.0838,486.07,-19.48
579,4.0776,5.932,0.084,485.64,-19.54
584,4.0219,5.939,0.0829,485.19,-19.59
588,4.01,5.947,0.0827,484.81,-19.61
593,4.0458,5.959,0.0835,484.42,-19.63
598,4.1252,5.959,0.0852,484.02,-19.68
591,4.1491,5.964,0.0858,483.65,-19.76
587,4.1252,5.97,0.0854,483.24,-19.8
586,4.0935,5.976,0.0848,482.82,-19.82
584,4.0537,5.983,0.084,482.39,-19.9
581,4.0418,5.99,0.0839,481.95,-19.93
580,4.006,5.997,0.0832,481.53,-19.96
585,4.01,6.008,0.0834,480.87,-19.96
581,4.0179,6.016,0.0836,480.56,-19.99
571,4.0062,6.019,0.0835,479.9,-20.12
567,4.0737,6.023,0.0849,479.6,-20.15
565,4.0936,6.028,0.0854,479.23,-20.22
562,4.0658,6.034,0.0849,478.86,-20.26
561,4.026,6.041,0.0841,478.48,-20.34
563,4.026,6.049,0.0842,478.06,-20.37
565,4.0419,6.055,0.0846,477.65,-20.42
568,4.0697,6.062,0.0853,477.25,-20.46
566,4.0936,6.074,0.0859,476.83,-20.54
563,4.1015,6.08,0.0862,475.95,-20.67
554,4.0976,6.093,0.0863,475.03,-20.83
557,4.0618,6.101,0.0856,474.61,-20.83
557,4.1055,6.11,0.0866,474.26,-20.86
553,4.1651,6.115,0.0879,473.92,-20.93
554,4.2088,6.119,0.0889,473.55,-20.96
541,4.181,6.137,0.0885,472.43,-21.16
541,4.1969,6.144,0.0889,472.05,-21.2
541,4.2088,6.15,0.0892,471.69,-21.26
535,4.2405,6.156,0.09,471.27,-21.33
535,4.2154,6.168,0.0896,470.42,-21.47
531,4.1913,6.182,0.0893,469.58,-21.61
534,4.231,6.189,0.0902,469.18,-21.63
532,4.2191,6.2,0.09,468.77,-21.69
530,4.231,6.2,0.0903,468.41,-21.75
530,4.2549,6.212,0.091,467.59,-21.86
531,4.2588,6.218,0.0912,467.23,-21.93
527,4.2747,6.232,0.0917,466.41,-22.03
527,4.2749,6.232,0.0917,466.04,-22.08
525,4.3305,6.243,0.093,465.67,-22.14
526,4.3305,6.248,0.0931,465.26,-22.2
523,4.3027,6.261,0.0926,464.89,-22.25
523,4.2749,6.261,0.092,464.47,-22.31
521,4.263,6.268,0.0919,464.05,-22.36
524,4.2868,6.274,0.0925,463.66,-22.4
522,4.2828,6.28,0.0924,463.29,-22.49
520,4.2828,6.286,0.0925,462.84,-22.55
519,4.3027,6.292,0.0931,462.4,-22.55
512,4.3067,6.299,0.0932,461.94,-22.58
498,4.2788,6.329,0.0929,460.63,-22.66
490,4.3663,6.329,0.0949,460.24,-22.71
485,4.3742,6.335,0.0951,459.85,-22.73
483,4.3384,6.341,0.0944,459.41,-22.77
469,4.2828,6.355,0.0934,458.56,-22.82
460,4.3067,6.368,0.0941,457.84,-22.86
457,4.3146,6.373,0.0943,457.52,-22.89
451,4.3186,6.388,0.0945,456.83,-23
445,4.3186,6.388,0.0946,456.5,-23.07
442,4.3504,6.393,0.0954,456.12,-23.09
438,4.2908,6.398,0.0941,455.76,-23.15
438,4.2471,6.404,0.0933,455.39,-23.2
437,4.2272,6.411,0.0929,454.99,-23.28
432,4.2153,6.424,0.0928,454.24,-23.35
429,4.2073,6.43,0.0927,453.87,-23.39
427,4.2113,6.436,0.0929,453.54,-23.45
423,4.2114,6.448,0.093,452.87,-23.5
424,4.1908,6.448,0.0926,452.54,-23.55
417,4.1862,6.459,0.0926,452.18,-23.59
416,4.1821,6.464,0.0926,451.83,-23.63
416,4.1583,6.471,0.0921,451.49,-23.65
411,4.1464,6.476,0.0919,451.17,-23.72
408,4.1623,6.481,0.0923,450.83,-23.77
403,4.194,6.49,0.0932,450.11,-23.84
398,4.2258,6.504,0.094,449.68,-23.92
394,4.1702,6.504,0.0928,449.23,-24
395,4.067,6.504,0.0906,448.81,-24.03
393,4.067,6.521,0.0907,448.41,-24.05
390,4.0749,6.527,0.091,448.03,-24.12
388,4.0987,6.532,0.0916,447.68,-24.15
382,4.1265,6.548,0.0924,446.61,-24.36
383,4.1265,6.548,0.0925,446.22,-24.39
381,4.1345,6.548,0.0927,445.84,-24.42
378,4.1504,6.566,0.0932,445.46,-24.52
376,4.1146,6.573,0.0925,445.06,-24.57
374,4.0352,6.6,0.091,443.53,-24.81
371,4.0948,6.606,0.0924,443.15,-24.87
372,4.0511,6.612,0.0915,442.75,-24.91
372,4.0392,6.619,0.0913,442.44,-24.97
375,4.0511,6.631,0.0916,442.09,-25.06
373,4.0471,6.631,0.0917,441.32,-25.14
375,4.0471,6.649,0.0919,440.53,-25.26
373,4.079,6.656,0.0927,440.11,-25.32
370,4.0035,6.67,0.0911,439.35,-25.42
368,4.0234,6.676,0.0917,438.96,-25.43
365,4.0472,6.681,0.0923,438.55,-25.49
362,4.0115,6.696,0.0916,438.14,-25.53
355,4.0035,6.704,0.0915,437.31,-25.64
351,3.9545,6.717,0.0906,436.58,-25.65
338,4.0059,6.734,0.092,435.57,-25.78
332,4.0417,6.738,0.0929,435.21,-25.81
329,4.0655,6.757,0.0936,434.44,-25.96
325,4.0734,6.757,0.0939,434.02,-26.01
324,3.9543,6.765,0.0912,433.61,-26.04
323,3.9345,6.773,0.0908,433.26,-26.09
323,3.9464,6.779,0.0912,432.89,-26.13
320,3.9861,6.779,0.0922,432.17,-26.27
318,3.9702,6.796,0.0919,431.81,-26.31
316,3.9464,6.82,0.0917,430.35,-26.46
315,3.9782,6.837,0.0927,429.34,-26.6
313,3.9821,6.843,0.0928,429,-26.64
313,4.0099,6.848,0.0935,428.68,-26.7
312,4.0258,6.853,0.094,428.36,-26.77
310,3.9505,6.86,0.0924,427.61,-26.91
312,3.9664,6.891,0.0931,426.23,-27.04
312,3.9425,6.891,0.0927,425.25,-27.22
311,3.9425,6.891,0.093,423.77,-27.46
311,3.8671,6.937,0.0913,423.43,-27.51
313,3.8471,6.937,0.0909,423.08,-27.55
313,3.8308,6.951,0.0906,422.73,-27.58
315,3.8381,6.956,0.0909,422.44,-27.67
314,3.834,6.961,0.0908,422.13,-27.71
315,3.8379,6.966,0.091,421.76,-27.77
314,3.7983,6.966,0.0903,420.65,-27.93
315,3.7308,6.966,0.0888,420.35,-27.93
313,3.6752,7.004,0.0876,419.66,-28.04
311,3.6514,7.009,0.0871,419.33,-28.08
313,3.6514,7.015,0.0871,419,-28.12
307,3.6316,7.025,0.0868,418.31,-28.22
305,3.6316,7.025,0.0871,416.99,-28.4
302,3.5323,7.055,0.0848,416.59,-28.43
286,3.4451,7.055,0.0835,412.79,-28.99
283,3.4015,7.127,0.0825,412.42,-29.04
282,3.3697,7.133,0.0818,412.09,-29.09
252,3.2692,7.25,0.0807,405.34,-30.07
241,3.2296,7.345,0.0807,400.11,-30.78
230,3.2296,7.345,0.0815,396.2,-31.4
231,3.0983,7.43,0.0783,395.84,-31.44
232,3.1096,7.43,0.0786,395.49,-31.47
231,3.1611,7.43,0.08,395.15,-31.52
235,3.0818,7.493,0.0786,392,-31.95
234,3.0858,7.499,0.0788,391.65,-32
235,3.0898,7.506,0.079,391.24,-32.06
236,3.0104,7.549,0.0774,388.88,-32.48
237,3.0104,7.565,0.0775,388.5,-32.55
247,3.0303,7.599,0.0785,385.96,-32.94
248,3.0025,7.605,0.0779,385.62,-32.97
249,3.0025,7.605,0.0781,384.56,-33.19
246,2.9985,7.605,0.0783,382.82,-33.43
243,2.9975,7.71,0.0789,379.92,-33.91
242,2.9737,7.716,0.0783,379.57,-33.98
243,2.942,7.724,0.0776,379.22,-34.03
240,2.9578,7.766,0.0785,376.92,-34.34
233,2.942,7.766,0.0784,375.46,-34.63
233,2.9499,7.8,0.0786,375.11,-34.67
228,2.9776,7.824,0.0797,373.76,-34.93
229,2.9459,7.831,0.0789,373.41,-34.99
229,2.9578,7.838,0.0793,373.02,-35.05
231,2.9143,7.893,0.0788,370.06,-35.59
233,2.9143,7.901,0.0788,369.73,-35.65
238,2.941,7.925,0.0798,368.56,-35.85
241,2.937,7.93,0.0798,368.23,-35.84
241,2.941,7.93,0.0799,367.93,-35.91
243,2.941,7.942,0.08,367.62,-35.99
243,2.9648,7.947,0.0807,367.33,-36.03
244,2.9846,7.952,0.0813,366.99,-36.07
243,2.9568,7.958,0.0806,366.65,-36.16
245,2.9568,8.013,0.0812,363.93,-36.53
244,2.9608,8.019,0.0814,363.56,-36.59
245,2.9965,8.026,0.0825,363.22,-36.63
244,3.0084,8.032,0.0829,362.87,-36.71
245,3.048,8.044,0.0841,362.53,-36.73
243,3.048,8.044,0.0844,361.22,-36.89
239,2.9085,8.09,0.0808,359.93,-37.13
239,2.8647,8.096,0.0796,359.68,-37.15
237,2.9162,8.105,0.0811,359.37,-37.2
233,3.0113,8.105,0.0842,357.55,-37.55
232,2.8805,8.143,0.0807,357.16,-37.61
225,2.8528,8.203,0.0806,353.94,-38.04
223,2.8567,8.211,0.0808,353.53,-38.12
221,2.8131,8.22,0.0797,353.14,-38.18
215,2.7854,8.244,0.0792,351.79,-38.38
211,2.7725,8.281,0.0792,350.17,-38.58
210,2.7804,8.286,0.0795,349.89,-38.62
209,2.8162,8.291,0.0805,349.62,-38.63
209,2.8043,8.295,0.0803,349.39,-38.64
208,2.8241,8.304,0.0809,349.13,-38.69
206,2.8439,8.304,0.0815,348.88,-38.76
197,2.8598,8.304,0.0825,346.54,-39.25
196,2.8399,8.358,0.082,346.18,-39.26
196,2.8518,8.371,0.0825,345.88,-39.29
187,2.8796,8.404,0.0837,343.85,-39.72
186,2.836,8.404,0.0826,343.54,-39.77
185,2.8281,8.417,0.0824,343.23,-39.83
184,2.867,8.422,0.0836,342.94,-39.88
176,2.934,8.481,0.0863,339.97,-40.31
174,2.9657,8.489,0.0873,339.58,-40.38
174,2.942,8.506,0.0867,339.2,-40.44
173,2.9618,8.506,0.0874,338.85,-40.45
171,3.0172,8.513,0.0891,338.47,-40.55
170,3.0647,8.519,0.0906,338.13,-40.6
164,2.9538,8.554,0.0878,336.44,-40.86
162,3.037,8.573,0.0904,335.8,-40.91
161,3.1201,8.573,0.093,335.52,-40.93
160,3.1439,8.579,0.0938,335.24,-40.96
154,3.1824,8.598,0.0952,334.32,-41.07
153,3.2416,8.603,0.097,334.02,-41.1
147,3.4831,8.634,0.105,332.8,-41.29
138,3.4949,8.634,0.105,331.5,-41.46
138,3.6493,8.661,0.11,331.18,-41.42
135,3.7324,8.666,0.113,330.88,-41.49
129,3.8592,8.683,0.117,330.07,-41.62
127,3.883,8.697,0.118,329.75,-41.68
123,3.883,8.697,0.118,329.12,-41.78
121,3.9859,8.712,0.121,328.77,-41.84
120,4.0254,8.719,0.123,328.47,-41.91
110,4.1467,8.764,0.127,326.51,-42.22
105,4.2733,8.775,0.131,325.65,-42.4
101,4.2772,8.797,0.132,324.63,-42.56
97.2,4.3287,8.816,0.134,323.76,-42.72
95.3,4.392,8.828,0.136,323.46,-42.77
94.3,4.3445,8.828,0.134,323.12,-42.8
93.6,4.3207,8.835,0.134,322.8,-42.82
93.2,4.3049,8.841,0.133,322.52,-42.85
92.5,4.3722,8.847,0.136,322.24,-42.86
90.1,4.392,8.858,0.137,321.71,-42.96
87,4.3723,8.878,0.136,320.77,-43.17
85.6,4.3319,8.892,0.135,320.44,-43.23
84,4.3319,8.898,0.135,319.83,-43.28
83.4,4.3391,8.904,0.136,319.53,-43.33
82.2,4.3075,8.911,0.135,319.24,-43.4
81.7,4.3075,8.917,0.135,318.94,-43.42
77.2,4.264,8.946,0.134,317.55,-43.68
75.5,4.264,8.946,0.135,316.43,-43.85
74.8,4.2086,8.975,0.133,316.18,-43.82
74.1,4.2679,8.98,0.135,315.94,-43.83
73.7,4.3193,8.986,0.137,315.67,-43.87
73,4.3193,8.992,0.137,315.38,-43.92
71.9,4.2046,9.005,0.134,314.78,-44.05
69.1,4.0298,9.005,0.128,313.69,-44.27
69.2,4.0964,9.038,0.131,313.33,-44.24
68.8,4.116,9.044,0.131,313.03,-44.29
68.6,4.0962,9.05,0.131,312.7,-44.34
68,4.0962,9.056,0.131,312.39,-44.38
67.1,4.0606,9.062,0.13,312.09,-44.39
66.8,4.0171,9.068,0.129,311.82,-44.44
65.1,4.0015,9.09,0.129,310.77,-44.58
64.7,4.0568,9.096,0.131,310.48,-44.62
64,4.1082,9.102,0.132,310.21,-44.68
63.1,4.1082,9.118,0.133,309.62,-44.8
62.6,3.9461,9.124,0.128,309.35,-44.82
61.6,3.9935,9.133,0.129,308.82,-44.94
60.8,3.9501,9.133,0.128,307.98,-45.06
59.8,3.9026,9.159,0.127,307.7,-45.12
59.8,3.867,9.165,0.126,307.41,-45.16
59.4,3.8827,9.165,0.127,306.56,-45.22
58.6,3.9842,9.189,0.13,306.26,-45.28
58.3,3.9052,9.196,0.128,306,-45.35
55,3.7787,9.258,0.125,303.1,-45.79
55,3.8103,9.263,0.126,302.89,-45.85
54.2,3.8618,9.267,0.128,302.68,-45.91
54.2,3.8816,9.272,0.128,302.47,-45.97
54.1,3.8104,9.277,0.126,302.25,-45.98
54,3.7986,9.283,0.126,302.07,-45.99
53.4,3.8223,9.31,0.127,300.84,-46.15
49.2,3.8981,9.314,0.132,295.89,-47.04
48.4,4.0613,9.464,0.138,294.17,-47.36
47.7,4.0174,9.473,0.137,293.52,-47.53
47.8,3.9093,9.481,0.133,293.2,-47.52
47.1,3.9334,9.487,0.134,292.94,-47.57
47.2,3.9895,9.492,0.136,292.68,-47.64
46.9,4.0818,9.51,0.14,291.84,-47.79
46.6,4.0698,9.518,0.14,291.49,-47.88
46.3,3.9457,9.534,0.135,291.21,-47.95
46.5,3.9057,9.534,0.134,290.95,-47.97
46.2,3.9658,9.54,0.136,290.68,-48.03
46.1,3.966,9.54,0.137,289.85,-48.18
46.2,3.9654,9.57,0.137,289.3,-48.29
45.9,4.0448,9.575,0.14,289.03,-48.31
46.3,4.1009,9.593,0.142,288.55,-48.34
46.2,3.9968,9.593,0.139,288.34,-48.38
46,3.961,9.614,0.138,287.42,-48.46
45.8,4.0211,9.62,0.14,287.17,-48.49
45.8,4.0017,9.676,0.141,284.71,-48.84
45.9,4.0217,9.681,0.141,284.52,-48.81
46.2,4.0975,9.685,0.144,284.32,-48.84
45.6,4.0604,9.689,0.143,284.14,-48.89
45.9,4.0644,9.698,0.143,283.97,-48.94
45.6,4.0765,9.698,0.144,283.74,-48.99
45.5,4.0566,9.715,0.143,282.93,-49.12
45.5,4.0927,9.719,0.145,282.75,-49.12
45.1,4.1169,9.741,0.146,281.84,-49.32
45.5,4.185,9.746,0.149,281.64,-49.32
43.7,4.1479,9.796,0.148,279.51,-49.84
44,4.1039,9.801,0.147,279.32,-49.83
44.1,4.164,9.806,0.149,279.15,-49.83
43.9,4.1921,9.81,0.15,278.97,-49.85
44,4.1721,9.813,0.15,278.78,-49.85
44.1,4.2363,9.825,0.152,278.26,-49.97
44.1,4.2323,9.829,0.152,278.07,-49.94
44.5,4.2564,9.834,0.153,277.91,-49.9
44.3,4.3486,9.837,0.157,277.74,-49.91
44,4.4207,9.841,0.159,277.54,-49.97
43.8,4.4609,9.849,0.161,277.19,-50.03
43.6,4.4689,9.853,0.161,277.02,-50.09
43.9,4.4214,9.911,0.161,274.79,-50.19
43.5,4.4598,9.911,0.162,274.61,-50.21
43.6,4.4198,9.916,0.161,274.44,-50.26
43.6,4.4799,9.92,0.163,274.26,-50.29
42.8,4.5723,9.946,0.167,273.12,-50.48
43.1,4.6083,9.957,0.169,272.94,-50.5
42.8,4.6524,9.957,0.171,272.77,-50.55
42.5,4.6965,9.962,0.172,272.57,-50.61
42.3,4.6565,9.967,0.171,272.37,-50.62
42.7,4.6926,9.972,0.172,272.15,-50.6
41.8,5.3041,10.027,0.197,269.84,-50.8
41.5,5.3642,10.032,0.199,269.64,-50.8
41.6,5.5166,10.057,0.205,268.6,-50.92
41.1,5.4848,10.09,0.205,267.21,-51.06
41.9,5.3634,10.133,0.202,265.53,-50.94
41.7,5.4075,10.137,0.204,265.34,-50.93
41.9,5.4956,10.141,0.207,265.2,-50.89
41.7,5.4836,10.145,0.207,265.06,-50.85
42,5.6037,10.149,0.212,264.85,-50.85
41.8,5.5678,10.154,0.21,264.67,-50.88
41.6,5.5758,10.16,0.211,264.48,-50.87
41.3,5.6642,10.188,0.215,263.32,-51.04
41.1,5.9525,10.192,0.226,263.09,-51.13
40.4,6.1287,10.196,0.233,262.89,-51.15
40.3,6.1048,10.201,0.232,262.73,-51.16
40.4,6.2249,10.205,0.237,262.55,-51.19
38.9,6.3857,10.241,0.244,261.2,-51.49
37,6.58,10.274,0.253,259.83,-51.75
5.72,99999,13.782,99999,151.28,-53.58
5.39,9.1718,13.791,0.607,151.14,-53.52
5.76,9.0842,13.795,0.602,151,-53.49
5.64,9.0963,13.808,0.603,150.83,-53.34
5.73,9.0526,13.808,0.601,150.72,-53.21
6.13,9.0208,13.812,0.599,150.59,-53.07
5.81,9.0927,13.817,0.604,150.5,-52.88
6.15,9.2483,13.821,0.615,150.4,-52.8
6.1,9.3831,13.825,0.624,150.3,-52.7
6.12,9.4132,13.83,0.627,150.2,-52.58
5.8,9.4142,13.835,0.63,149.35,-52.34
6.05,9.2106,13.872,0.617,149.25,-52.37
6.12,9.0915,13.872,0.611,148.81,-52.39
5.84,9.3069,13.9,0.626,148.69,-52.37
5.93,9.4494,13.9,0.645,146.43,-52.8
6.15,9.6723,13.9,0.671,144.1,-52.81
5.91,9.6724,13.9,0.672,144,-52.79
5.66,11.0185,14.159,0.795,138.59,-53.05
6.01,11.0187,14.352,0.796,138.49,-53.07
5.59,11.2055,14.445,0.829,135.15,-53.61
5.86,12.0958,14.6,0.907,133.29,-53.47
5.87,99999,16.056,99999,106.31,-55.36
5.82,6.6368,16.06,0.625,106.21,-55.3
5.94,6.6648,16.068,0.628,106.15,-55.22
6.11,6.6969,16.068,0.631,106.06,-55.18
5.96,6.5757,16.09,0.622,105.7,-55.1
5.91,6.5917,16.094,0.624,105.63,-55.09
6.39,6.6317,16.098,0.628,105.57,-55.12
5.96,6.6078,16.103,0.626,105.49,-55.12
6.1,6.6079,16.111,0.627,105.44,-55.07
5.9,6.604,16.111,0.627,105.38,-55.11
5.96,6.6001,16.115,0.627,105.29,-55.13
5.9,6.6082,16.12,0.628,105.22,-55.13
5.96,6.6522,16.125,0.633,105.13,-55.15
5.88,6.6044,16.129,0.628,105.09,-55.22
6.03,6.5725,16.134,0.626,105.04,-55.24
6.04,6.6166,16.139,0.631,104.92,-55.24
6.2,6.6366,16.143,0.633,104.83,-55.26
6.1,6.5849,16.147,0.629,104.74,-55.31
6.41,6.5292,16.157,0.624,104.62,-55.3
5.91,6.5731,16.157,0.629,104.58,-55.31
6.13,6.6171,16.161,0.633,104.5,-55.38
6.35,6.5736,16.166,0.63,104.41,-55.39
5.93,6.6015,16.171,0.632,104.39,-55.34
5.73,6.6096,16.174,0.633,104.35,-55.34
5.96,6.5933,16.178,0.632,104.26,-55.35
6.01,6.5242,16.182,0.626,104.21,-55.38
6.1,6.5957,16.185,0.633,104.13,-55.44
5.69,6.6281,16.189,0.639,103.76,-55.54
6.12,6.5883,16.213,0.636,103.66,-55.54
6,6.5565,16.218,0.633,103.58,-55.53
5.96,6.6324,16.223,0.641,103.52,-55.51
5.6,6.5926,16.227,0.638,103.41,-55.47
5.7,6.6166,16.233,0.64,103.36,-55.42
5.9,6.6765,16.241,0.646,103.31,-55.42
5.76,6.6769,16.252,0.648,103.05,-55.5
5.75,6.653,16.257,0.646,103.01,-55.51
6.08,6.6531,16.261,0.646,102.92,-55.48
6.11,6.7449,16.265,0.656,102.86,-55.44
6.29,6.745,16.269,0.656,102.78,-55.43
5.95,6.7292,16.274,0.655,102.71,-55.45
5.79,6.7355,16.292,0.658,102.44,-55.55
5.58,6.8074,16.297,0.665,102.37,-55.57
5.66,6.8074,16.301,0.665,102.33,-55.56
5.52,6.8594,16.306,0.671,102.21,-55.53
5.87,6.8994,16.31,0.675,102.14,-55.55
6.07,6.8517,16.315,0.671,102.07,-55.56
5.94,6.8597,16.32,0.672,102.01,-55.56
6.08,6.8599,16.329,0.673,101.92,-55.6
5.81,6.8879,16.329,0.676,101.82,-55.66
5.73,6.908,16.333,0.679,101.75,-55.69
6.01,6.9479,16.338,0.683,101.68,-55.72
5.66,6.964,16.342,0.685,101.61,-55.76
5.74,6.9003,16.346,0.68,101.52,-55.75
5.97,6.9283,16.351,0.683,101.46,-55.75
5.98,7.0363,16.356,0.694,101.39,-55.74
6.24,7.0125,16.36,0.692,101.3,-55.78
5.85,6.9249,16.365,0.684,101.24,-55.81
6.05,6.9928,16.374,0.691,101.18,-55.85
5.98,7.0727,16.374,0.7,101.1,-55.86
6.12,7.0847,16.378,0.701,101.05,-55.89
5.74,7.1078,16.383,0.704,100.96,-55.85
6.08,7.2904,16.403,0.725,100.62,-56.02
5.95,7.3503,16.407,0.731,100.56,-56.08
6.01,7.3025,16.415,0.727,100.49,-56.09
6.34,7.2947,16.415,0.726,100.42,-56.11
5.77,7.4025,16.421,0.738,100.33,-56.12
5.68,7.4026,16.425,0.738,100.25,-56.13
5.81,7.4506,16.429,0.744,100.19,-56.13
5.56,7.5384,16.435,0.753,100.13,-56.08
5.97,7.5385,16.439,0.753,100.05,-56.05
5.9,7.5227,16.443,0.752,99.99,-55.97
6.27,7.5236,16.443,0.757,99.38,-56.17
5.99,8.0282,16.488,0.808,99.31,-56.16
5.74,8.0202,16.494,0.808,99.21,-56.12
5.8,8.0641,16.498,0.813,99.18,-56.08
6.09,8.1839,16.506,0.826,99.11,-56.09
6.01,8.2199,16.506,0.83,99.04,-56.12
6.04,8.2041,16.51,0.829,98.92,-56.09
6.11,8.296,16.515,0.839,98.87,-56.12
5.97,8.2881,16.52,0.839,98.82,-56.14
6.04,8.2523,16.525,0.836,98.76,-56.18
6.04,8.3122,16.53,0.842,98.69,-56.23
5.95,8.4081,16.534,0.853,98.62,-56.27
6.09,8.3327,16.537,0.846,98.55,-56.3
5.8,8.401,16.554,0.855,98.26,-56.43
5.92,8.441,16.559,0.859,98.21,-56.44
6.11,8.5448,16.564,0.871,98.16,-56.48
6.44,8.5809,16.567,0.875,98.08,-56.49
5.73,8.5531,16.572,0.873,98.01,-56.5
5.87,8.6245,16.577,0.881,97.93,-56.49
6.01,8.6385,16.581,0.883,97.86,-56.51
5.78,8.6389,16.581,0.884,97.67,-56.46
5.94,8.6391,16.599,0.885,97.58,-56.33
5.98,8.603,16.604,0.882,97.5,-56.15
5.79,8.651,16.608,0.888,97.42,-56.06
6.29,8.6751,16.611,0.891,97.33,-55.97
5.89,8.6713,16.616,0.891,97.27,-55.89
6.17,8.6754,16.621,0.893,97.2,-55.82
5.9,8.7193,16.625,0.897,97.16,-55.79
6.36,8.7918,16.652,0.908,96.83,-55.52
6.3,8.8916,16.657,0.919,96.78,-55.47
6.16,8.9396,16.66,0.924,96.71,-55.47
6.43,8.9631,16.665,0.927,96.65,-55.45
6.46,8.9491,16.669,0.927,96.58,-55.46
6.44,9.1284,16.673,0.946,96.51,-55.49
6.15,9.2483,16.683,0.959,96.42,-55.47
6.16,9.3002,16.683,0.965,96.36,-55.46
6.54,9.4599,16.687,0.983,96.28,-55.48
6.1,9.5797,16.691,0.996,96.2,-55.46
6.07,9.6397,16.696,1,96.12,-55.45
6.09,9.7555,16.701,1.02,96.07,-55.43
6.58,9.8594,16.705,1.03,95.97,-55.4
6.48,9.9194,16.709,1.03,95.89,-55.4
6.58,10.0751,16.714,1.05,95.85,-55.37
6.35,10.1554,16.718,1.06,95.77,-55.39
6.39,10.2353,16.727,1.07,95.69,-55.35
6.47,10.3672,16.727,1.08,95.61,-55.34
6.51,10.4515,16.745,1.1,95.36,-55.36
6.51,10.8911,16.749,1.14,95.32,-55.37
6.13,10.9751,16.753,1.15,95.24,-55.35
6.44,10.9792,16.758,1.15,95.19,-55.33
6.39,11.0232,16.762,1.16,95.12,-55.35
6.15,11.0236,16.775,1.16,94.96,-55.39
6.03,11.0238,16.779,1.16,94.88,-55.37
6.34,11.5425,16.783,1.22,94.81,-55.35
6.53,11.4869,16.788,1.21,94.73,-55.3
6.21,11.5748,16.793,1.22,94.65,-55.24
6.29,11.6879,16.793,1.24,94.13,-55.27
6.59,11.9952,16.835,1.27,94.08,-55.27
6.46,11.9954,16.84,1.28,93.98,-55.26
6.3,12.0474,16.844,1.28,93.93,-55.28
6.43,12.2355,16.844,1.31,93.7,-55.33
6.36,12.3155,16.864,1.32,93.63,-55.32
6.44,12.172,16.869,1.3,93.59,-55.27
6.3,12.0686,16.874,1.29,93.49,-55.22
6.83,12.2642,16.879,1.31,93.44,-55.26
6.7,12.2364,16.883,1.31,93.39,-55.24
6.84,12.172,16.888,1.3,93.3,-55.26
6.38,12.2372,16.893,1.31,93.22,-55.28
6.92,12.2892,16.897,1.32,93.16,-55.31
7.02,12.3492,16.903,1.33,93.08,-55.34
6.91,12.3977,16.911,1.33,93.02,-55.35
6.73,12.3785,16.911,1.33,92.75,-55.37
6.73,12.2351,16.928,1.32,92.68,-55.32
6.37,12.2314,16.933,1.32,92.59,-55.27
6.62,12.2795,16.937,1.33,92.51,-55.24
6.47,12.2717,16.942,1.33,92.46,-55.25
6.41,12.188,16.947,1.32,92.43,-55.23
6.88,12.2321,16.956,1.32,92.37,-55.26
6.31,12.2498,16.956,1.33,91.76,-55.37
6.43,11.9472,17.002,1.3,91.7,-55.32
6.73,12.0033,17.002,1.31,91.61,-55.32
6.42,11.9635,17.006,1.31,91.57,-55.34
6.52,11.6926,17.012,1.28,91.49,-55.32
7.04,11.6369,17.016,1.27,91.42,-55.33
6.6,11.7528,17.02,1.29,91.34,-55.32
6.83,11.761,17.025,1.29,91.28,-55.32
6.44,11.6973,17.03,1.28,91.22,-55.3
6.51,11.7812,17.034,1.29,91.16,-55.31
6.81,11.7817,17.047,1.29,91,-55.37
6.63,11.809,17.051,1.3,90.94,-55.32
6.81,11.8348,17.056,1.3,90.85,-55.25
6.64,11.8581,17.06,1.31,90.79,-55.27
6.34,11.9662,17.073,1.32,90.65,-55.28
6.74,12.0262,17.078,1.33,90.57,-55.22
6.64,11.9307,17.083,1.32,90.49,-55.15
6.82,11.9468,17.091,1.32,90.44,-55.13
6.5,11.9484,17.091,1.33,90.05,-55.37
6.74,11.9086,17.119,1.32,90.01,-55.41
6.67,11.9408,17.124,1.33,89.91,-55.46
6.84,11.8653,17.128,1.32,89.83,-55.49
7.06,11.8854,17.139,1.32,89.77,-55.5
6.76,11.8936,17.139,1.33,89.69,-55.51
6.51,11.8579,17.143,1.32,89.62,-55.54
6.86,11.7903,17.149,1.32,89.57,-55.53
6.71,11.7904,17.154,1.32,89.53,-55.49
6.87,11.8026,17.158,1.32,89.43,-55.53
6.58,11.6632,17.163,1.31,89.36,-55.58
6.9,11.6646,17.197,1.31,88.91,-55.82
6.7,11.5576,17.201,1.3,88.82,-55.86
6.37,11.5896,17.205,1.31,88.78,-55.91
6.6,11.4822,17.209,1.29,88.69,-55.94
6.82,11.3587,17.214,1.28,88.64,-55.95
6.75,11.4466,17.219,1.29,88.59,-55.95
6.59,11.5426,17.223,1.3,88.5,-55.98
6.52,11.5388,17.233,1.3,88.44,-55.98
6.74,11.4871,17.233,1.3,88.37,-56.02
6.5,11.6029,17.237,1.31,88.33,-56.06
6.64,11.6037,17.255,1.32,88.07,-56.13
6.64,11.6238,17.259,1.32,88.02,-56.14
6.78,11.612,17.264,1.32,87.96,-56.14
6.49,11.6281,17.269,1.32,87.91,-56.11
6.32,11.4455,17.282,1.3,87.73,-56.21
6.68,11.4776,17.286,1.31,87.67,-56.25
7.05,11.4938,17.29,1.31,87.6,-56.28
6.76,11.4823,17.302,1.31,87.42,-56.35
6.82,11.4466,17.307,1.31,87.35,-56.37
6.46,11.4708,17.312,1.31,87.28,-56.34
6.46,11.5104,17.316,1.32,87.25,-56.35
6.49,11.5109,17.33,1.32,87.06,-56.46
6.53,11.352,17.335,1.3,87.01,-56.5
6.41,11.2844,17.339,1.3,86.95,-56.52
6.73,11.3125,17.345,1.3,86.88,-56.52
6.35,11.1299,17.362,1.29,86.6,-56.64
6.81,11.1899,17.367,1.29,86.53,-56.62
6.73,11.1343,17.371,1.29,86.46,-56.64
6.78,11.1384,17.376,1.29,86.41,-56.59
6.71,11.1266,17.376,1.29,86.36,-56.59
6.7,11.1271,17.376,1.29,86.18,-56.7
6.7,10.836,17.397,1.26,86.14,-56.71
7.1,10.8322,17.402,1.26,86.07,-56.69
6.73,10.7765,17.407,1.25,86,-56.64
6.46,10.7374,17.426,1.25,85.73,-56.66
6.8,10.3704,17.43,1.21,85.68,-56.71
6.65,10.3307,17.435,1.21,85.62,-56.69
6.75,10.319,17.44,1.21,85.53,-56.72
6.95,10.3152,17.444,1.21,85.46,-56.73
6.77,9.982,17.468,1.17,85.18,-56.81
7.13,9.9942,17.473,1.17,85.13,-56.79
6.53,9.9744,17.476,1.17,85.06,-56.69
6.74,9.8907,17.481,1.16,85.01,-56.65
7.54,9.9028,17.486,1.17,84.96,-56.58
6.99,9.7798,17.505,1.15,84.71,-56.55
6.54,9.7401,17.509,1.15,84.65,-56.54
6.87,9.5088,17.513,1.12,84.58,-56.49
6.74,9.5888,17.518,1.13,84.51,-56.48
7.26,9.6209,17.523,1.14,84.45,-56.5
6.75,9.4019,17.541,1.12,84.27,-56.67
6.6,9.4021,17.544,1.12,84.2,-56.69
6.76,9.4302,17.548,1.12,84.11,-56.67
6.7,9.3746,17.553,1.12,84.03,-56.66
6.41,9.2451,17.584,1.11,83.62,-56.93
7.32,9.245,17.588,1.11,83.55,-56.92
6.93,9.305,17.592,1.11,83.49,-56.98
7,9.2093,17.597,1.1,83.45,-56.98
6.37,9.2214,17.602,1.11,83.39,-56.97
6.53,9.2301,17.623,1.11,83.13,-56.79
6.61,9.2143,17.627,1.11,83.07,-56.78
6.71,9.1386,17.632,1.1,83,-56.71
7.17,9.2146,17.637,1.11,82.94,-56.71
6.85,9.3113,17.654,1.13,82.71,-56.78
6.53,9.2835,17.658,1.12,82.67,-56.79
6.63,9.2237,17.663,1.12,82.62,-56.71
6.52,9.2957,17.668,1.13,82.57,-56.76
6.44,9.4252,17.686,1.14,82.34,-56.98
6.5,9.4174,17.691,1.14,82.27,-56.91
6.67,9.4654,17.696,1.15,82.22,-56.92
6.55,9.5334,17.7,1.16,82.15,-56.91
6.53,9.5694,17.704,1.17,82.12,-56.85
6.26,9.5061,17.718,1.16,81.92,-56.85
6.67,9.6779,17.723,1.18,81.85,-56.83
6.52,9.6182,17.728,1.18,81.79,-56.81
6.69,9.6702,17.732,1.18,81.74,-56.82
7,9.7786,17.751,1.2,81.53,-56.89
6.66,9.8028,17.755,1.2,81.44,-56.89
6.8,9.8189,17.759,1.21,81.39,-56.85
6.35,9.843,17.763,1.21,81.34,-56.84
7.03,9.8751,17.767,1.22,81.27,-56.8
6.92,9.8673,17.773,1.21,81.22,-56.77
6.47,9.7876,17.777,1.21,81.16,-56.75
6.71,9.9076,17.782,1.22,81.08,-56.77
7.17,9.8798,17.786,1.22,81.01,-56.79
6.88,9.8785,17.822,1.23,80.56,-56.88
6.8,9.9584,17.827,1.24,80.51,-56.85
6.81,10.0185,17.831,1.25,80.44,-56.8
6.82,9.9707,17.837,1.24,80.4,-56.75
6.69,9.9629,17.842,1.24,80.34,-56.69
6.6,9.9636,17.859,1.24,80.12,-56.64
6.86,9.9518,17.864,1.24,80.06,-56.56
7.17,10.0836,17.868,1.26,80.01,-56.51
6.77,10.0003,17.868,1.25,79.83,-56.51
6.73,10.1282,17.887,1.27,79.78,-56.52
7.01,9.9568,17.892,1.25,79.71,-56.5
7.14,9.9889,17.897,1.25,79.66,-56.45
7.09,10.1372,17.897,1.28,79.46,-56.43
7.11,10.1852,17.915,1.28,79.42,-56.41
6.87,10.2726,17.92,1.29,79.36,-56.44
7.11,10.3626,17.925,1.31,79.26,-56.43
7.04,10.2672,17.954,1.3,78.89,-56.29
7.05,10.5788,17.959,1.34,78.84,-56.28
6.68,10.591,17.959,1.34,78.77,-56.22
7.6,10.6031,17.964,1.35,78.72,-56.21
7.1,10.699,17.969,1.36,78.68,-56.2
7.37,10.7951,17.973,1.37,78.62,-56.21
7.2,10.7594,17.977,1.37,78.55,-56.19
7.82,10.6637,17.981,1.36,78.49,-56.08
7.45,10.8037,17.987,1.38,78.43,-56.01
7.52,10.9117,17.992,1.39,78.36,-55.94
7.82,10.8524,17.996,1.39,78.29,-55.88
7.83,10.8965,18.006,1.39,78.23,-55.88
7.75,10.9726,18.006,1.4,78.18,-55.88
7.63,11.0127,18.011,1.41,78.12,-55.93
7.22,11.0249,18.015,1.41,78.05,-55.93
7.46,11.037,18.02,1.42,78,-55.95
7.81,11.1571,18.025,1.43,77.92,-56.02
6.99,11.1043,18.028,1.43,77.86,-56.13
7.18,10.9349,18.033,1.41,77.81,-56.15
7.17,10.9866,18.038,1.41,77.75,-56.16
7.05,11.1704,18.043,1.44,77.71,-56.21
7.22,11.2145,18.051,1.44,77.66,-56.21
7.23,11.127,18.051,1.43,77.58,-56.2
6.8,11.2228,18.056,1.45,77.56,-56.19
7.15,11.2828,18.061,1.46,77.53,-56.21
6.95,11.2836,18.077,1.46,77.32,-56.28
6.86,11.2837,18.081,1.46,77.27,-56.29
7.16,11.1922,18.086,1.45,77.19,-56.23
7.56,11.2722,18.091,1.46,77.14,-56.24
7.2,10.9963,18.158,1.44,76.28,-56.73
7.21,10.802,18.187,1.42,75.99,-56.92
6.84,10.6865,18.197,1.41,75.92,-56.93
7.37,10.6866,18.197,1.41,75.87,-56.94
6.98,10.7347,18.202,1.42,75.82,-56.96
7.69,10.6471,18.205,1.41,75.76,-56.97
6.5,10.5155,18.21,1.39,75.7,-56.96
7.48,10.4718,18.215,1.38,75.63,-56.96
6.93,10.496,18.22,1.39,75.56,-56.96
7.04,10.3564,18.225,1.37,75.52,-57.01
6.88,10.3645,18.23,1.37,75.47,-57.03
7.18,10.4355,18.235,1.38,75.42,-57.11
7.28,10.3422,18.244,1.37,75.34,-57.14
7.17,10.2422,18.244,1.36,75.28,-57.14
7.02,10.243,18.268,1.37,75.03,-57.38
6.95,9.8478,18.273,1.31,74.98,-57.43
6.66,9.5925,18.277,1.28,74.91,-57.39
6.65,9.6127,18.283,1.28,74.84,-57.37
6.8,9.6408,18.292,1.29,74.78,-57.41
7,9.1627,18.324,1.23,74.41,-57.72
6.96,9.2308,18.329,1.24,74.35,-57.73
7.12,9.0951,18.334,1.22,74.29,-57.71
7.11,9.0873,18.344,1.22,74.23,-57.73
7.09,8.9095,18.344,1.21,73.92,-57.83
6.96,8.7942,18.369,1.19,73.85,-57.82
7,8.7823,18.374,1.19,73.81,-57.82
6.94,8.7945,18.379,1.19,73.75,-57.82
6.83,8.7433,18.401,1.19,73.51,-58.06
6.86,8.6435,18.405,1.18,73.47,-58.06
6.73,8.5678,18.41,1.17,73.4,-58.06
7.24,8.6678,18.415,1.18,73.35,-58.1
6.95,8.4718,18.487,1.17,72.56,-58.68
6.47,8.5877,18.487,1.18,72.53,-58.69
6.5,8.6678,18.492,1.2,72.47,-58.81
6.65,8.572,18.497,1.18,72.43,-58.86
6.72,8.5643,18.502,1.18,72.33,-58.87
6.69,8.5964,18.508,1.19,72.28,-58.94
6.68,8.5566,18.513,1.18,72.24,-59
6.26,8.4929,18.517,1.18,72.18,-58.99
6.54,8.4931,18.523,1.18,72.1,-58.99
6.41,8.4774,18.528,1.18,72.02,-59.05
7.02,8.5255,18.538,1.18,71.95,-59.09
6.5,8.5177,18.538,1.18,71.9,-59.11
6.86,8.5138,18.544,1.18,71.85,-59.12
6.62,8.5303,18.549,1.19,71.78,-59.16
6.59,8.4706,18.554,1.18,71.71,-59.2
6.79,8.4188,18.559,1.17,71.66,-59.22
6.78,8.4651,18.565,1.18,71.64,-59.27
6.67,8.5003,18.569,1.19,71.58,-59.33
6.5,8.4726,18.575,1.18,71.52,-59.37
6.84,8.4488,18.58,1.18,71.46,-59.39
7.11,8.4609,18.59,1.19,71.4,-59.46
6.37,8.2902,18.614,1.17,71.05,-59.79
6.3,8.3822,18.619,1.18,71.01,-59.82
6.81,8.3545,18.623,1.18,70.92,-59.82
6.46,8.3386,18.628,1.18,70.88,-59.81
6.71,8.3951,18.649,1.19,70.7,-59.7
6.76,8.3033,18.654,1.18,70.66,-59.68
6.32,8.3434,18.659,1.18,70.6,-59.69
6.61,8.2938,18.689,1.18,70.32,-59.82
6.41,8.3061,18.689,1.18,70.23,-59.83
6.26,8.3182,18.694,1.19,70.18,-59.82
6.37,8.3024,18.694,1.18,70.13,-59.83
6.43,8.3028,18.715,1.19,69.98,-59.88
6.23,8.2032,18.72,1.17,69.9,-59.86
6.06,8.1042,18.74,1.16,69.67,-59.8
6.89,8.0085,18.745,1.15,69.59,-59.85
6.41,8.0566,18.75,1.16,69.56,-59.88
6.74,7.9894,18.772,1.15,69.31,-59.93
6.19,7.8777,18.777,1.14,69.24,-59.91
6.54,7.8978,18.783,1.14,69.18,-59.9
6.28,7.9582,18.809,1.15,68.93,-59.97
6.39,7.7802,18.814,1.13,68.86,-60.02
6.12,7.8202,18.819,1.14,68.83,-60.04
6.28,7.9323,18.825,1.15,68.76,-60.06
6.29,7.9485,18.83,1.16,68.71,-60.09
6.19,7.8048,18.835,1.14,68.63,-60.08
6.62,7.853,18.846,1.15,68.56,-60.09
6.13,7.9068,18.846,1.16,67.95,-60.56
6.35,8.5723,19.021,1.29,66.65,-60.05
6.55,8.4725,19.026,1.27,66.6,-60.02
6.51,8.4727,19.031,1.27,66.55,-59.9
6.59,8.6208,19.036,1.3,66.49,-59.77
6.4,8.717,19.04,1.31,66.43,-59.63
6.72,8.741,19.048,1.32,66.42,-59.44
6.94,8.6886,19.048,1.31,66.37,-59.22
7.27,8.6887,19.054,1.31,66.33,-59.07
6.83,8.8709,19.064,1.34,66.22,-58.94
7.1,8.999,19.068,1.36,66.18,-58.83
7.12,8.9673,19.074,1.36,66.11,-58.78
6.96,9.1354,19.078,1.38,66.05,-58.77
7.21,9.3675,19.082,1.42,66,-58.77
7.63,9.3704,19.145,1.43,65.31,-58.77
7.42,9.9944,19.145,1.53,65.26,-58.7
7.22,10.0986,19.15,1.55,65.21,-58.61
7.47,10.0829,19.155,1.55,65.14,-58.54
7.35,10.0831,19.16,1.55,65.1,-58.44
7.44,10.2473,19.166,1.58,65.05,-58.35
7.55,10.4234,19.17,1.6,65.01,-58.28
7.62,10.407,19.175,1.6,64.95,-58.21
7.67,10.2615,19.18,1.58,64.9,-58.16
7.35,10.3209,19.185,1.59,64.87,-58.1
7.58,10.565,19.196,1.63,64.83,-58.11
7.52,10.6012,19.196,1.64,64.77,-58.11
7.59,10.5934,19.201,1.64,64.74,-58.12
7.58,10.6695,19.207,1.65,64.7,-58.13
7.69,10.8219,19.211,1.67,64.61,-58.11
7.38,10.8821,19.215,1.69,64.55,-58.12
7.62,10.7584,19.22,1.67,64.5,-58.11
7.62,10.9306,19.225,1.7,64.45,-58.12
7.46,11.6114,19.307,1.83,63.6,-57.8
7.92,11.7397,19.313,1.85,63.54,-57.75
8,11.8678,19.318,1.87,63.51,-57.76
7.84,11.804,19.322,1.86,63.47,-57.76
7.78,11.8683,19.327,1.87,63.42,-57.74
7.84,11.9045,19.337,1.88,63.38,-57.73
8.54,11.9327,19.337,1.88,63.33,-57.73
8,12.1582,19.341,1.93,63.04,-57.81
7.92,11.9864,19.375,1.9,63,-57.78
8.35,11.8626,19.386,1.88,62.95,-57.76
8.07,12.0911,19.386,1.92,62.88,-57.76
8.52,12.1594,19.391,1.94,62.81,-57.77
8.97,12.0557,19.395,1.92,62.76,-57.78
8.02,12.1079,19.4,1.93,62.71,-57.79
8.62,12.2963,19.4,1.96,62.66,-57.85
7.94,12.3012,19.489,1.99,61.81,-58.12
8.19,12.4333,19.494,2.01,61.77,-58.16
8.36,12.3295,19.499,2,61.73,-58.15
8.81,12.5018,19.504,2.03,61.68,-58.18
7.94,12.5742,19.509,2.04,61.62,-58.23
8.12,12.3063,19.513,2,61.57,-58.25
8.39,12.2584,19.518,1.99,61.56,-58.26
8.28,12.4706,19.528,2.03,61.53,-58.29
7.93,12.4829,19.528,2.03,61.49,-58.34
7.58,12.2631,19.533,2,61.43,-58.38
8.97,12.4511,19.538,2.03,61.37,-58.4
7.87,12.5768,19.542,2.05,61.34,-58.42
7.89,12.336,19.547,2.01,61.3,-58.44
8.16,12.3363,19.551,2.01,61.25,-58.45
8.13,12.3246,19.557,2.01,61.19,-58.48
7.78,12.513,19.561,2.05,61.13,-58.54
7.95,12.5334,19.566,2.05,61.07,-58.57
8.41,12.1975,19.575,2,61.02,-58.64
8.14,12.1868,19.595,2,60.79,-58.53
8.13,12.6992,19.599,2.09,60.76,-58.5
7.56,12.6875,19.603,2.09,60.71,-58.45
8.25,12.5597,19.608,2.07,60.66,-58.4
8.23,12.4239,19.614,2.05,60.6,-58.35
8.12,12.5895,19.614,2.08,60.42,-58.24
8.82,12.59,19.643,2.09,60.34,-58.2
8.26,12.3622,19.649,2.05,60.27,-58.16
8.59,12.5145,19.653,2.08,60.23,-58.12
8.66,12.6588,19.657,2.1,60.21,-58.06
8.56,12.5068,19.662,2.08,60.18,-58.05
8.57,12.435,19.671,2.07,60.13,-58.05
8.33,12.41,19.671,2.07,60.09,-58.09
8.68,12.5441,19.675,2.09,60.07,-58.15
8.57,12.6199,19.679,2.1,60.04,-58.18
8.14,12.4279,19.684,2.07,60.01,-58.2
8.76,12.5683,19.688,2.1,59.95,-58.2
8.77,12.7687,19.692,2.13,59.91,-58.24
8.35,12.8731,19.696,2.15,59.85,-58.26
8.5,12.6892,19.7,2.12,59.81,-58.27
8.43,12.5573,19.705,2.1,59.78,-58.27
9.05,12.6056,19.715,2.11,59.74,-58.33
8.24,12.714,19.715,2.13,59.68,-58.35
8.67,12.7142,19.719,2.13,59.64,-58.4
8.58,12.5824,19.724,2.11,59.6,-58.42
8.41,12.6427,19.728,2.12,59.55,-58.47
8.33,12.8031,19.732,2.15,59.51,-58.48
8.87,12.8096,19.736,2.17,59.09,-58.44
8.29,12.818,19.78,2.17,59.04,-58.5
8.22,12.8863,19.784,2.18,58.99,-58.54
8.54,12.7746,19.789,2.17,58.94,-58.58
8.1,12.5706,19.794,2.13,58.91,-58.59
8.44,12.759,19.803,2.17,58.86,-58.61
8.93,12.8032,19.803,2.18,58.83,-58.67
8.81,12.4875,19.807,2.13,58.74,-58.65
8.45,12.3281,19.813,2.1,58.69,-58.66
8.2,12.5484,19.818,2.14,58.67,-58.68
8.39,12.6968,19.822,2.17,58.62,-58.69
8.46,12.4847,19.827,2.13,58.6,-58.7
8.45,12.4368,19.832,2.12,58.59,-58.75
8.27,12.6691,19.832,2.16,58.57,-58.77
8.48,12.6027,19.832,2.16,58.3,-58.68
8.53,12.6466,19.865,2.17,58.24,-58.57
8.73,12.6524,19.87,2.17,58.19,-58.5
8.95,12.7078,19.874,2.19,58.15,-58.42
9.02,12.384,19.879,2.13,58.07,-58.33
8.48,12.4164,19.884,2.14,58.01,-58.26
8.71,12.6731,19.889,2.19,57.94,-58.26
8.81,12.5012,19.899,2.16,57.89,-58.25
9.2,12.3709,19.93,2.15,57.58,-58.21
9.13,12.3992,19.935,2.16,57.53,-58.2
10.4,12.5157,19.943,2.18,57.47,-58.21
8.74,12.4558,19.943,2.17,57.45,-58.26
8.45,12.1836,19.948,2.12,57.42,-58.26
9.1,12.3319,19.954,2.15,57.4,-58.28
9.25,12.5043,19.959,2.18,57.37,-58.34
8.95,12.5687,19.963,2.19,57.33,-58.39
8.84,12.2705,19.969,2.14,57.28,-58.42
9.46,12.4253,19.974,2.17,57.23,-58.46
9.36,12.6658,19.979,2.21,57.2,-58.52
8.53,12.7102,19.983,2.22,57.14,-58.61
8.79,12.4462,19.993,2.18,57.09,-58.64
8.69,12.347,19.993,2.17,57,-58.75
8.61,12.3491,20.039,2.18,56.67,-58.9
9.14,12.6176,20.039,2.23,56.64,-58.89
9.07,12.3096,20.043,2.18,56.57,-58.86
8.6,12.3942,20.049,2.19,56.5,-58.75
8.86,12.4675,20.049,2.21,56.31,-58.42
8.68,12.5361,20.076,2.23,56.25,-58.4
9.01,12.3403,20.086,2.2,56.18,-58.34
8.87,12.3687,20.086,2.2,56.12,-58.32
8.68,12.4818,20.086,2.23,55.97,-58.32
8.99,12.5984,20.111,2.25,55.91,-58.28
8.92,12.3984,20.115,2.22,55.86,-58.28
8.98,12.3672,20.135,2.22,55.72,-58.21
9.03,12.2353,20.14,2.2,55.68,-58.21
9.33,12.4078,20.145,2.23,55.64,-58.14
9,12.3927,20.164,2.23,55.49,-58.02
9.69,12.6293,20.168,2.28,55.47,-58.01
9.49,12.8465,20.172,2.32,55.41,-58.04
9.17,12.7665,20.183,2.31,55.38,-58.01
9.49,12.7673,20.199,2.31,55.27,-57.9
9.55,12.7676,20.204,2.31,55.22,-57.82
9.16,12.816,20.208,2.32,55.19,-57.76
9.27,12.8005,20.212,2.32,55.11,-57.71
9.8,12.4561,20.217,2.26,55.09,-57.71
10,12.256,20.223,2.23,55.05,-57.7
9.38,12.258,20.258,2.24,54.74,-57.71
9.2,12.6831,20.264,2.32,54.68,-57.67
9.84,12.8117,20.27,2.35,54.63,-57.7
9.36,12.5916,20.275,2.31,54.58,-57.67
10.1,12.7001,20.286,2.33,54.54,-57.71
9.28,12.8016,20.305,2.36,54.35,-57.52
9.62,12.8207,20.31,2.36,54.3,-57.53
9.5,12.5298,20.315,2.31,54.26,-57.51
9.96,12.6144,20.321,2.33,54.2,-57.5
9.49,12.9086,20.352,2.39,53.96,-57.48
9.8,12.7127,20.357,2.36,53.88,-57.48
10.2,12.958,20.363,2.41,53.83,-57.45
9.89,13.1988,20.368,2.45,53.79,-57.51
9.78,12.9948,20.373,2.42,53.72,-57.53
9.61,13.0493,20.411,2.44,53.39,-57.72
10.3,13.0254,20.416,2.44,53.36,-57.71
10.2,13.0899,20.422,2.46,53.31,-57.75
9.36,13.1665,20.427,2.47,53.26,-57.83
10.2,13.0265,20.432,2.45,53.21,-57.83
9.67,13.1986,20.444,2.48,53.19,-57.9
9.99,13.1971,20.444,2.48,53.15,-57.96
9.52,12.9931,20.476,2.46,52.84,-57.92
9.99,12.9812,20.482,2.46,52.82,-57.85
9.92,13.2948,20.498,2.52,52.71,-57.85
10.4,13.1588,20.498,2.5,52.66,-57.82
10.2,13.2876,20.504,2.53,52.6,-57.84
9.75,13.4,20.51,2.55,52.58,-57.89
9.97,13.1063,20.51,2.51,52.23,-57.92
10.3,13.1388,20.561,2.52,52.17,-57.87
10.1,13.1391,20.567,2.52,52.13,-57.87
10.3,13.1525,20.78,2.61,50.44,-57.65
10.4,13.9806,20.805,2.78,50.25,-57.63
11.6,13.8731,20.816,2.77,50.15,-57.48
10.8,13.9828,20.822,2.8,49.99,-57.4
11.1,14.3083,20.842,2.87,49.94,-57.32
10.3,14.369,20.846,2.88,49.89,-57.23
10.4,14.2129,20.851,2.85,49.84,-57.15
10,14.1411,20.857,2.84,49.79,-57.11
11,14.142,20.878,2.85,49.68,-57.05
10.3,14.2948,20.882,2.88,49.61,-57.08
11,14.3753,20.886,2.9,49.58,-57.1
10.6,14.167,20.892,2.86,49.54,-57.09
11.5,14.183,20.898,2.86,49.54,-57.05
10.8,14.3883,20.903,2.91,49.48,-57.07
11.1,14.3645,20.908,2.91,49.44,-57.11
11.2,14.3004,20.919,2.89,49.43,-57.12
10.8,14.3856,20.919,2.91,49.38,-57.17
11.3,14.6388,20.923,2.97,49.35,-57.18
11.3,14.6414,20.923,2.98,49.06,-57.08
11.1,14.6338,20.923,2.99,49.01,-57.06
10.7,14.4294,20.969,2.95,48.97,-57.01
10.6,14.5301,20.975,2.97,48.94,-57
10.4,14.6388,20.98,2.99,48.9,-56.99
10.1,14.5229,20.985,2.97,48.85,-56.93
11.3,14.5436,20.991,2.98,48.78,-56.86
11.2,14.6724,20.996,3.01,48.74,-56.81
11.7,14.7982,21.019,3.05,48.55,-56.69
12,14.8146,21.024,3.05,48.51,-56.67
11.1,14.8271,21.03,3.06,48.46,-56.61
12.2,14.96,21.035,3.09,48.42,-56.59
11.6,15.0287,21.04,3.11,48.37,-56.54
12,14.906,21.071,3.09,48.19,-56.55
11.4,14.9423,21.071,3.1,48.17,-56.54
12,15.1516,21.076,3.15,48.12,-56.51
11.9,15.2805,21.076,3.18,48.08,-56.55
11.2,15.1616,21.095,3.16,47.97,-56.63
12,15.1943,21.1,3.17,47.92,-56.63
12.4,15.1916,21.121,3.18,47.78,-56.65
11.9,15.2205,21.126,3.19,47.7,-56.63
11.3,15.3932,21.131,3.23,47.65,-56.58
12,15.3941,21.144,3.24,47.56,-56.65
12,15.2619,21.15,3.21,47.51,-56.73
12,15.4309,21.155,3.25,47.48,-56.74
12.2,15.2266,21.16,3.21,47.43,-56.69
12.2,15.227,21.16,3.21,47.39,-56.7
11.4,15.4524,21.175,3.26,47.34,-56.75
11.6,15.2199,21.18,3.22,47.3,-56.78
12.2,15.1485,21.196,3.21,47.21,-56.91
11.1,15.2294,21.2,3.23,47.15,-56.91
11.9,15.2862,21.206,3.25,47.1,-56.93
11.5,15.2875,21.22,3.25,46.97,-56.98
11.8,15.2918,21.225,3.26,46.94,-57
11.5,15.4368,21.23,3.29,46.91,-57.01
11.8,15.3047,21.235,3.27,46.86,-57.01
11.6,15.5547,21.25,3.33,46.77,-57.12
12.6,15.3099,21.255,3.28,46.74,-57.16
11.9,15.4106,21.261,3.3,46.72,-57.17
11.5,15.5338,21.27,3.33,46.65,-57.24
11.5,15.2992,21.275,3.28,46.6,-57.26
11.2,15.2958,21.281,3.29,46.54,-57.25
12,15.4981,21.296,3.34,46.4,-57.33
12,15.3701,21.302,3.32,46.35,-57.38
12,15.4426,21.307,3.33,46.33,-57.4
11.5,15.3022,21.312,3.3,46.31,-57.41
11.4,15.46,21.328,3.35,46.21,-57.54
11.5,15.2714,21.333,3.31,46.18,-57.55
11.6,15.2921,21.339,3.32,46.12,-57.57
11,15.1972,21.355,3.31,45.97,-57.68
11.3,15.2296,21.361,3.31,45.95,-57.73
11.5,15.4027,21.367,3.35,45.93,-57.75
11.7,15.1748,21.383,3.31,45.81,-57.78
11.9,15.2234,21.388,3.33,45.78,-57.86
11.5,15.1877,21.393,3.32,45.73,-57.87
11.2,15.1891,21.393,3.33,45.6,-57.98
11.2,15.2813,21.414,3.35,45.56,-58
11.3,15.2055,21.418,3.34,45.51,-57.97
11.1,15.3265,21.428,3.37,45.47,-57.94
11.2,15.175,21.438,3.35,45.35,-57.87
11.4,99999,21.443,99999,45.31,-57.83
11.1,99999,21.448,99999,45.32,-57.56
9.14,99999,21.306,99999,46.41,-57.41
8,15.5878,21.284,3.35,46.59,-57.26
7.26,15.924,21.209,3.39,47.03,-56.88
6.97,16.2555,21.161,3.44,47.19,-56.91
6.74,16.2116,21.143,3.39,47.87,-56.73
6.74,16.2299,21.124,3.39,47.88,-56.72
6.36,15.9654,21.104,3.33,47.97,-56.61
6.2,15.9682,21.087,3.32,48.04,-56.58
6.05,16.254,20.985,3.36,48.38,-56.69
6.22,15.8385,20.985,3.26,48.57,-56.77
6.29,15.8586,20.97,3.27,48.56,-56.95
5.46,15.5123,20.928,3.16,49.12,-57.06
5.74,15.5602,20.913,3.17,49.15,-56.86
5.7,15.4246,20.897,3.12,49.44,-56.75
6.65,15.4498,20.837,3.11,49.74,-57.25
5.56,15.3807,20.837,3.09,49.85,-57.42
6.07,15.3836,20.823,3.08,49.96,-57.38
5.51,15.3826,20.809,3.07,50.07,-57.18
5.23,15.4056,20.793,3.07,50.18,-57.18
5.52,15.5689,20.778,3.1,50.28,-57.38
5.7,15.4917,20.763,3.07,50.4,-57.37
5.78,15.2661,20.75,3.02,50.54,-57.23
5.14,15.2651,20.737,3.01,50.66,-57.06
5.35,15.2624,20.694,3,50.9,-57.25
5.43,15.216,20.694,2.98,50.99,-57.38
4.8,15.1163,20.679,2.96,51.11,-57.37
4.88,15.1223,20.664,2.95,51.27,-57.36
4.58,15.2201,20.618,2.95,51.53,-57.64
5.19,15.262,20.587,2.95,51.77,-57.8
5.15,15.0242,20.572,2.89,51.97,-57.89
5,15.0161,20.54,2.89,51.99,-57.87
5.07,14.9308,20.54,2.86,52.14,-57.7
4.62,14.9705,20.524,2.87,52.18,-57.67
4.83,14.9831,20.495,2.85,52.52,-58.14
4.9,14.9822,20.481,2.85,52.62,-58.09
4.83,14.4488,20.467,2.74,52.82,-58.03
5.24,14.6038,20.451,2.76,52.94,-57.88
4.79,14.5267,20.436,2.74,53.08,-57.75
4.21,14.5098,20.422,2.73,53.2,-57.79
4.98,14.5073,20.422,2.71,53.51,-57.84
5.08,14.5059,20.422,2.7,53.69,-57.88
4.65,14.4813,20.356,2.69,53.77,-57.97
4.45,14.4475,20.339,2.68,53.94,-58.07
4.73,14.4026,20.322,2.66,54.06,-58.13
4.17,14.1659,20.305,2.61,54.19,-58.08
4.44,14.1128,20.289,2.6,54.35,-58.08
4.63,13.9878,20.272,2.57,54.51,-58.2
4.24,13.9866,20.272,2.56,54.66,-58.34
4.31,13.9916,20.22,2.55,54.82,-57.92
4.35,13.1689,20.152,2.37,55.61,-58.35
4.05,13.0002,20.135,2.33,55.78,-58.55
2.9,13.5209,19.981,2.36,57.18,-58.64
3.24,13.3009,19.967,2.32,57.29,-58.54
3.12,13.1883,19.952,2.3,57.43,-58.53
3.48,13.343,19.937,2.32,57.55,-58.53
3.13,13.4698,19.922,2.34,57.68,-58.53
3.32,13.5367,19.892,2.34,57.81,-58.65
3.22,13.3883,19.892,2.31,57.95,-58.83
3.54,13.4551,19.877,2.32,58.1,-58.98
2.93,13.3586,19.862,2.29,58.23,-59.05
2.85,13.2779,19.862,2.25,58.95,-58.87
3.01,13.2771,19.862,2.25,59.08,-58.78
2.75,13.3471,19.743,2.25,59.34,-58.57
2.43,13.067,19.718,2.19,59.57,-57.92
2.56,13.2615,19.704,2.22,59.66,-57.77
2.71,13.3164,19.69,2.23,59.79,-57.98
2.68,13.2202,19.676,2.21,59.91,-58.15
3.13,13.1742,19.639,2.19,60.28,-58.05
3.17,13.1369,19.615,2.17,60.44,-58.28
3.05,13.0718,19.603,2.15,60.68,-58.32
3.32,13.1323,19.59,2.14,61.23,-58.19
3.16,13.0488,19.476,2.11,61.91,-58.15
3.21,13.0082,19.464,2.1,62.06,-58.1
3.42,12.9122,19.452,2.08,62.17,-58.09
2.66,12.8712,19.44,2.07,62.3,-58.05
2.92,12.9482,19.33,2.04,63.48,-57.56
2.74,12.9475,19.33,2.04,63.61,-57.34
2.88,12.947,19.293,2.03,63.72,-57.35
2.84,12.8529,19.181,1.98,64.89,-58.06
3.53,12.7928,19.169,1.97,65.01,-57.83
2.87,12.7682,19.155,1.96,65.15,-57.67
3.52,12.7635,19.142,1.95,65.3,-58.08
3.86,12.7429,19.116,1.95,65.44,-58.67
4.08,12.5942,19.091,1.91,65.81,-58.62
3.38,12.5098,19.079,1.9,65.94,-58.81
3.59,12.2502,19.039,1.85,66.39,-59.55
3.25,12.0989,19.027,1.82,66.51,-59.54
3.38,12.1016,18.988,1.81,66.78,-60.04
3.4,11.855,18.988,1.77,66.93,-60.05
3.69,11.6641,18.975,1.74,67.06,-60.3
3.24,11.5287,18.962,1.72,67.17,-60.53
3.15,10.7775,18.841,1.57,68.45,-60.08
2.73,10.777,18.827,1.57,68.59,-59.99
2.68,10.5108,18.812,1.53,68.75,-59.85
2.75,10.3557,18.797,1.5,68.9,-59.86
2.74,10.2243,18.784,1.48,69.04,-59.91
2.66,10.2714,18.77,1.48,69.18,-59.94
2.79,10.14,18.756,1.46,69.34,-59.92
2.73,10.0404,18.743,1.45,69.48,-59.92
2.92,10.0518,18.716,1.44,69.63,-60
2.69,10.0512,18.716,1.44,69.78,-60
3.06,9.8324,18.702,1.41,69.95,-59.98
2.46,9.8104,18.702,1.39,70.46,-60.15
2.44,9.633,18.644,1.36,70.62,-60.09
2.59,9.6483,18.628,1.36,70.78,-59.98
2.59,9.5606,18.613,1.35,70.94,-59.84
2.3,9.5838,18.597,1.35,71.12,-59.76
2.28,9.5001,18.566,1.33,71.28,-59.64
2.45,9.4045,18.566,1.32,71.47,-59.55
2.47,9.3288,18.552,1.3,71.62,-59.33
1.76,9.2926,18.537,1.29,71.81,-59.03
2.13,9.2561,18.523,1.29,71.96,-58.76
2.14,9.3539,18.492,1.29,72.32,-58.86
1.92,9.2742,18.476,1.28,72.49,-58.61
1.92,9.1551,18.461,1.26,72.64,-58.32
2.07,9.1229,18.446,1.25,72.8,-58.19
2.36,9.1342,18.417,1.25,72.99,-58.32
2.16,9.0698,18.402,1.24,73.35,-58.31
2.27,9.0693,18.386,1.23,73.53,-58.24
2.32,9.0687,18.371,1.23,73.72,-58.26
2.18,9.0322,18.356,1.22,73.92,-58.22
2.19,8.996,18.342,1.21,74.11,-58.1
1.95,8.9384,18.271,1.19,74.88,-56.64
1.51,8.9686,18.257,1.2,75.04,-56.45
2.33,9.3128,18.215,1.23,75.62,-57.07
2.14,9.3598,18.2,1.24,75.78,-56.98
2.7,9.4423,18.186,1.24,75.93,-56.86
2.31,9.4769,18.171,1.24,76.13,-56.91
2.41,9.5436,18.158,1.25,76.28,-56.83
2.12,9.6103,18.129,1.26,76.42,-56.38
2.15,9.6848,18.129,1.26,76.61,-56.3
2.31,9.6838,18.129,1.26,76.93,-56.23
2.45,10.1317,18.041,1.3,77.67,-56.03
2.27,10.2214,18.01,1.31,78.04,-56.04
2.28,10.3432,17.979,1.32,78.22,-55.91
2.2,10.4251,17.979,1.33,78.41,-55.96
2.02,10.5429,17.963,1.34,78.62,-55.98
2.4,10.6016,17.947,1.35,78.79,-55.96
2.25,10.597,17.932,1.34,78.99,-56.15
2.35,10.6162,17.916,1.34,79.16,-56
1.83,10.6431,17.901,1.34,79.37,-56.13
2.25,10.6529,17.786,1.32,80.83,-56.43
1.97,10.3624,17.77,1.28,80.97,-56.47
1.72,10.5313,17.752,1.3,81.19,-56.56
2.26,10.6213,17.735,1.3,81.41,-56.62
1.87,10.6127,17.719,1.3,81.64,-56.65
2.23,10.6003,17.705,1.3,81.84,-56.69
2.14,10.5879,17.678,1.29,82.03,-56.69
2.22,10.4928,17.678,1.28,82.21,-56.61
1.73,10.3385,17.664,1.25,82.38,-56.55
2.08,10.338,17.648,1.25,82.56,-56.55
2.04,10.3729,17.631,1.25,82.76,-56.68
2.22,10.4901,17.614,1.26,82.99,-56.74
1.98,10.4698,17.614,1.26,83.2,-56.74
2.14,9.7801,17.614,1.15,85.05,-56.76
2.32,9.7403,17.449,1.14,85.23,-56.73
2.05,9.645,17.435,1.13,85.42,-56.73
2.19,9.7192,17.401,1.13,85.65,-56.74
1.99,9.817,17.401,1.14,85.88,-56.74
2.01,9.6865,17.384,1.13,86.09,-56.67
2.13,9.7213,17.384,1.13,86.35,-56.54
2.57,10.0027,17.181,1.13,88.52,-55.8
1.69,10.0018,17.181,1.13,88.86,-55.76
1.68,10.001,17.152,1.12,89.18,-55.71
1.55,10.413,17.122,1.16,89.53,-55.67
1.59,10.475,17.122,1.17,89.89,-55.47
1.29,10.833,17.002,1.19,91.18,-55.54
1.25,10.8319,16.973,1.18,91.59,-55.61
1.2,10.944,16.973,1.19,92.01,-55.6
1.29,10.943,16.884,1.18,92.41,-55.47
1.19,10.9418,16.884,1.18,92.86,-55.65
1.12,11.0711,16.854,1.19,93.34,-55.74
1.28,11.2364,16.766,1.19,94.72,-55.97
1.64,10.9115,16.585,1.12,97.37,-56.58
1.4,10.8775,16.524,1.1,98.48,-56.51
1.29,10.7418,16.494,1.08,99.32,-56.38
1.03,10.256,16.411,1.02,100.91,-56.01
0.828,9.7774,16.249,0.953,102.64,-55.73
0.555,9.5336,16.167,0.917,103.95,-55.5
0.596,9.1607,16.141,0.878,104.37,-55.69
0.879,8.926,16.088,0.84,106.26,-55.39
0.616,8.745,16.01,0.802,109.01,-54.99
0.746,8.7446,15.847,0.8,109.26,-54.93
0.519,8.1847,15.847,0.748,109.49,-54.86
0.746,8.1373,15.833,0.741,109.78,-54.79
0.519,8.0741,15.82,0.734,110,-54.74
0.811,7.9786,15.807,0.724,110.23,-54.69
0.422,7.9734,15.794,0.722,110.51,-54.65
0.746,7.8594,15.78,0.71,110.73,-54.66
0.714,7.8591,15.766,0.708,110.95,-54.64
0.908,7.8541,15.712,0.703,111.7,-54.99
1.23,7.7835,15.712,0.695,111.92,-54.98
0.876,7.8105,15.7,0.696,112.14,-54.77
0.876,7.8102,15.7,0.695,112.37,-54.85
1.39,7.8411,15.673,0.696,112.62,-54.93
1.39,7.876,15.66,0.698,112.81,-54.78
1.3,7.8835,15.646,0.697,113.04,-54.42
1.07,7.8829,15.62,0.695,113.49,-54.46
1.36,7.777,15.607,0.684,113.74,-54.77
1.43,7.6123,15.58,0.668,113.99,-54.95
1.36,7.612,15.58,0.667,114.2,-54.91
1.33,7.5804,15.565,0.662,114.45,-54.83
1.49,7.6817,15.55,0.67,114.71,-54.97
1.62,7.4693,15.526,0.648,115.18,-55.06
1.46,7.4909,15.514,0.649,115.4,-55.01
1.07,7.3963,15.476,0.637,116.12,-55
1.59,7.396,15.452,0.636,116.35,-55.02
1.49,7.302,15.452,0.626,116.56,-54.97
1.33,7.2198,15.44,0.618,116.78,-55
1.49,7.1649,15.428,0.612,116.98,-55.1
1.52,7.0433,15.416,0.601,117.23,-55.18
1.39,7.038,15.349,0.594,118.42,-54.84
1.33,7.0377,15.324,0.593,118.65,-54.69
1.14,7.0368,15.297,0.589,119.42,-54.34
1.1,6.8454,15.283,0.572,119.63,-54.11
1.07,6.8568,15.269,0.572,119.87,-53.76
1.1,6.9031,15.255,0.575,120.15,-53.71
1.33,6.917,15.241,0.574,120.43,-53.77
1.1,6.9276,15.227,0.574,120.71,-53.71
0.908,6.9778,15.188,0.576,121.2,-53.4
1.33,6.9764,15.135,0.57,122.49,-53.16
0.616,6.9098,15.12,0.563,122.7,-53.1
0.94,7.0695,15.105,0.575,122.94,-52.86
1.04,7.1784,15.09,0.583,123.19,-52.91
1.13,7.2209,15.076,0.585,123.5,-53.08
1.26,7.2206,15.05,0.583,123.8,-53.1
0.94,7.115,15.05,0.573,124.07,-53.04
1.1,7.2196,15.035,0.58,124.43,-53.02
1.2,7.426,15.02,0.596,124.66,-53.1
1.36,7.6865,14.986,0.614,125.2,-52.77
1.43,8.0752,14.942,0.641,126.06,-53.46
1.43,8.2302,14.928,0.651,126.33,-53.54
1.85,8.2294,14.896,0.648,127.03,-53.56
1.56,8.6831,14.878,0.682,127.33,-53.44
1.43,8.6827,14.878,0.68,127.64,-53.32
1.49,9.2272,14.841,0.721,128,-53.44
1.95,9.4839,14.823,0.739,128.31,-53.38
1.59,9.8607,14.823,0.765,128.97,-53.31
1.04,10.2922,14.755,0.795,129.51,-53.2
0.94,11.2621,14.69,0.857,131.49,-53.13
0.907,11.3943,14.658,0.866,131.6,-53.11
1.39,11.5655,14.644,0.878,131.68,-53.13
0.681,11.6778,14.629,0.884,132.03,-53.22
1.2,11.7162,14.615,0.885,132.32,-53.27
0.972,11.7039,14.601,0.882,132.71,-53.24
1.17,11.7492,14.571,0.883,133.08,-53.18
0.999,11.9789,14.571,0.896,133.64,-53
0.636,12.2499,14.538,0.911,134.41,-52.85
0.598,12.3996,14.504,0.916,135.37,-52.9
0.869,12.3654,14.454,0.901,137.22,-53
0.776,12.4619,14.37,0.905,137.63,-52.91
0.85,12.4861,14.32,0.897,139.25,-52.59
0.618,12.4765,14.285,0.874,142.8,-52.27
0.585,12.4214,14.111,0.867,143.29,-52.33
0.997,11.9494,13.983,0.813,146.98,-52.66
1.34,11.6872,13.875,0.788,148.25,-52.86
0.693,11.5725,13.875,0.779,148.65,-52.77
0.686,11.4993,13.839,0.769,149.6,-52.64
1,11.4486,13.839,0.764,149.86,-52.59
0.865,11.1522,13.803,0.725,153.74,-53.42
0.64,10.8027,13.803,0.701,154.16,-53.49
0.861,10.8018,13.625,0.697,154.91,-53.41
0.693,10.6539,13.591,0.686,155.4,-53.4
0.885,10.5991,13.575,0.68,155.8,-53.36
0.716,10.2498,13.523,0.652,157.11,-53.28
0.824,10.3301,13.523,0.655,157.77,-53.26
0.682,10.1693,13.471,0.638,159.51,-52.75
0.935,9.5482,13.224,0.578,165.26,-52.94
0.932,9.6361,13.224,0.58,166.03,-52.7
0.58,9.529,13.144,0.565,168.75,-51.94
0.369,9.5288,13.144,0.564,168.99,-51.92
0.763,9.5205,13.029,0.561,169.57,-51.91
0.867,9.5202,13.013,0.56,169.9,-51.97
0.787,9.2835,12.999,0.545,170.34,-52.12
0.89,9.3489,12.984,0.548,170.73,-52.19
0.679,9.2809,12.969,0.541,171.52,-52.11
0.911,9.8749,12.808,0.547,180.54,-52.78
1.16,9.8743,12.808,0.545,181.2,-52.69
1.07,10.5268,12.533,0.564,186.57,-51.73
1.13,10.8658,11.968,0.537,202.31,-51.74
1.43,10.588,11.968,0.516,205.07,-51.71
1.24,10.5482,11.752,0.51,206.65,-51.44
1.37,10.5463,11.722,0.506,208.61,-51.2
1.82,10.5448,11.609,0.501,210.66,-51.66
1.49,9.9399,11.609,0.467,212.69,-51.39
1.66,9.9531,11.609,0.46,216.32,-51.1
1.61,9.872,11.418,0.455,216.97,-51.03
1.67,9.8716,11.418,0.454,217.48,-51
2.09,9.6866,11.387,0.44,219.99,-51.28
2.83,9.4213,11.279,0.418,225.27,-52.16
2.89,9.387,11.279,0.414,226.92,-52.84
